<?xml version="1.0" encoding="UTF-8"?>
<window>
	<defaultcontrol always="true">50</defaultcontrol>
	<menucontrol>9000</menucontrol>
	<views>50</views>
	<controls>
		<include>CommonBackground</include>
		<include>PVRHeader</include>
		<include>Clock</include>
		<include>CommonPageCount</include>
		<control type="group">
			<include condition="String.IsEqual(Skin.AspectRatio,4:3)">TallFatListContainer</include>
			<include condition="!String.IsEqual(Skin.AspectRatio,4:3)">ShortListContainer</include>
			<centerleft>50%</centerleft>
			<width>1614</width>
			<include>Window_OpenClose_Animation</include>
			<description>TV Channels group</description>
			<visible>Control.IsVisible(50)</visible>
			<include>VisibleFadeEffect</include>
			<!--tv info-->
			<control type="group">
				<left>628</left>
				<centertop>50%</centertop>
				<height>700</height>
				<!--background-->
				<control type="image">
					<left>-10</left>
					<top>-10</top>
					<width>1004</width>
					<height>710</height>
					<texture background="true" colordiffuse="$INFO[Skin.String(color.tertiary)]">backgrounds/media info 3 bg.png</texture>
				</control>
				<control type="image">
					<left>0</left>
					<top>0</top>
					<width>984</width>
					<height>402</height>
					<texture>black-back.png</texture>
					<visible>Player.HasVideo</visible>
				</control>
				<control type="image">
					<left>0</left>
					<top>0</top>
					<width>984</width>
					<height>402</height>
					<texture fallback="special://skin/extras/backgrounds/tv.jpg">$INFO[Skin.String(Home_Custom_Back_TV_Folder)]</texture>
					<include>VisibleFadeEffect</include>
					<visible>!Player.HasVideo</visible>
				</control>
				<control type="videowindow">
					<left>0</left>
					<top>0</top>
					<width>715</width>
					<height>402</height>
					<visible>Player.HasVideo</visible>
					<animation effect="slide" start="0,0" end="-3000,0" time="0">WindowClose</animation>
				</control>
				<control type="image">
					<left>0</left>
					<top>0</top>
					<width>715</width>
					<height>45</height>
					<texture>black-back.png</texture>
					<colordiffuse>DDFFFFFF</colordiffuse>
					<visible>Player.HasVideo</visible>
				</control>
				<control type="label">
					<left>15</left>
					<top>0</top>
					<width>685</width>
					<height>45</height>
					<font>button</font>
					<textcolor>white</textcolor>
					<align>center</align>
					<aligny>center</aligny>
					<label>$INFO[Player.Title]</label>
					<visible>Player.HasVideo</visible>
				</control>
				<!--thumb-->
				<control type="image">
					<left>715</left>
					<top>0</top>
					<width>269</width>
					<height>402</height>
					<aspectratio align="left" aligny="center">keep</aspectratio>
					<texture background="true">$INFO[MusicPlayer.Cover]</texture>
				</control>
				<!--thumb-->
				<control type="image">
					<left>715</left>
					<top>0</top>
					<width>269</width>
					<height>402</height>
					<aspectratio align="left" aligny="center">keep</aspectratio>
					<texture background="true">$INFO[VideoPlayer.Cover]</texture>
				</control>
				<!--info strip background-->
				<control type="image">
					<left>0</left>
					<top>402</top>
					<width>984</width>
					<height>60</height>
					<texture background="true" colordiffuse="$INFO[Skin.String(color.500)]">backgrounds/white.png</texture>
				</control>
				<!--fanart shadow-->
				<control type="image">
					<left>0</left>
					<top>402</top>
					<width>984</width>
					<height>10</height>
					<texture>homeshadow.png</texture>
				</control>
				<!--secondary label-->
				<control type="label">
					<left>15</left>
					<top>402</top>
					<width>954</width>
					<height>55</height>
					<font>secondary.info.big</font>
					<textcolor>white</textcolor>
					<selectedcolor>white</selectedcolor>
					<align>left</align>
					<aligny>center</aligny>
					<label>$INFO[Container(50).ListItem.Title]$INFO[ListItem.Duration, • ]$INFO[ListItem.Genre, • ,]</label>
					<visible>!Container.Content(Seasons)</visible>
				</control>
				<!--plot (movies)-->
				<control type="textbox">
					<left>15</left>
					<top>465</top>
					<width>954</width>
					<height>168</height>
					<font>label</font>
					<align>left</align>
					<textcolor>$INFO[Skin.String(color.text)]</textcolor>
					<label>$INFO[ListItem.Plot]</label>
					<autoscroll time="3000" delay="10000" repeat="10000">Skin.HasSetting(AutoScroll)</autoscroll>
				</control>
				<control type="label">
					<left>0</left>
					<top>630</top>
					<width>102</width>
					<height>30</height>
					<align>right</align>
					<aligny>center</aligny>
					<font>font10_title</font>
					<textcolor>$INFO[Skin.String(color.500)]</textcolor>
					<visible>Container(50).ListItem.HasEpg</visible>
					<label>$INFO[Container(50).ListItem.StartTime]</label>
				</control>
				<control type="progress">
					<description>Progressbar</description>
					<left>110</left>
					<top>642</top>
					<width>765</width>
					<height>12</height>
					<visible>Container(50).ListItem.HasEpg</visible>
					<info>Container(50).ListItem.Progress</info>
				</control>
				<control type="label">
					<left>882</left>
					<top>630</top>
					<width>120</width>
					<height>30</height>
					<align>left</align>
					<aligny>center</aligny>
					<font>font10_title</font>
					<textcolor>$INFO[Skin.String(color.500)]</textcolor>
					<visible>Container(50).ListItem.HasEpg</visible>
					<label>$INFO[Container(50).ListItem.EndTime]</label>
				</control>
				<control type="label">
					<left>15</left>
					<top>655</top>
					<width>954</width>
					<height>30</height>
					<font>kai.secondary</font>
					<align>right</align>
					<aligny>center</aligny>
					<scroll>false</scroll>
					<visible>!String.IsEmpty(Container(50).ListItem.NextTitle)</visible>
					<label>$LOCALIZE[19031]: $INFO[Container(50).ListItem.NextTitle]</label>
				</control>
				<!--info strip shadow-->
				<control type="image">
					<left>0</left>
					<top>462</top>
					<width>984</width>
					<height>10</height>
					<texture>homeshadow.png</texture>
				</control>
			</control>
			<!--content list-->
			<control type="list" id="50">
				<width>604</width>
				<include condition="String.IsEqual(Skin.AspectRatio,4:3)">TallFatListSlide</include>
				<include condition="!String.IsEqual(Skin.AspectRatio,4:3)">ShortFatListSlide</include>
				<onleft>100</onleft>
				<onright>70</onright>
				<onup>50</onup>
				<ondown>50</ondown>
				<viewtype label="535">list</viewtype>
				<pagecontrol>70</pagecontrol>
				<scrolltime>200</scrolltime>
				<itemlayout height="100" width="604">
					<!--unfocused bg-->
					<control type="image">
						<left>4</left>
						<top>0</top>
						<width>600</width>
						<height>90</height>
						<texture colordiffuse="button.nf">backgrounds/white.png</texture>
					</control>
					<control type="group">
						<left>4</left>
						<top>4</top>
						<!--channel number-->
						<control type="label">
							<left>15</left>
							<top>-4</top>
							<width>60</width>
							<height>45</height>
							<font>channel</font>
							<textcolor>white</textcolor>
							<selectedcolor>$INFO[Skin.String(color.500)]</selectedcolor>
							<align>left</align>
							<info>ListItem.ChannelNumberLabel</info>
						</control>
						<!--recording icon-->
						<control type="image">
							<left>10</left>
							<top>45</top>
							<width>30</width>
							<height>30</height>
							<texture colordiffuse="$INFO[Skin.String(color.500)]">PVR-IsRecording.png</texture>
							<aspectratio>keep</aspectratio>
							<visible>ListItem.IsRecording</visible>
						</control>
						<!--channel name-->
						<control type="label">
							<left>75</left>
							<top>0</top>
							<width>525</width>
							<height>30</height>
							<font>label</font>
							<textcolor>white</textcolor>
							<selectedcolor>$INFO[Skin.String(color.500)]</selectedcolor>
							<align>left</align>
							<aligny>center</aligny>
							<label>$INFO[ListItem.Label]</label>
						</control>
						<!--show title (no icon)-->
						<control type="label">
							<left>75</left>
							<top>30</top>
							<width>525</width>
							<height>30</height>
							<font>secondary.info</font>
							<textcolor>white</textcolor>
							<selectedcolor>$INFO[Skin.String(color.500)]</selectedcolor>
							<align>left</align>
							<aligny>center</aligny>
							<label>$INFO[ListItem.Title]</label>
							<visible>String.IsEmpty(Listitem.Icon)</visible>
							<scroll>false</scroll>
						</control>
						<!--show title (icon)-->
						<control type="label">
							<left>75</left>
							<top>30</top>
							<width>420</width>
							<height>30</height>
							<font>secondary.info</font>
							<textcolor>white</textcolor>
							<selectedcolor>$INFO[Skin.String(color.500)]</selectedcolor>
							<align>left</align>
							<aligny>center</aligny>
							<label>$INFO[ListItem.Title]</label>
							<visible>!String.IsEmpty(Listitem.Icon)</visible>
							<scroll>false</scroll>
						</control>
						<!--progress-->
						<control type="progress">
							<description>Progressbar</description>
							<left>75</left>
							<top>70</top>
							<width>420</width>
							<height>7</height>
							<midtexture colordiffuse="$INFO[Skin.String(color.tertiary)]">backgrounds/white.png</midtexture>
							<info>ListItem.Progress</info>
							<visible>ListItem.HasEpg</visible>
						</control>
						<!--channel icon-->
						<control type="image">
							<left>510</left>
							<top>1</top>
							<width>80</width>
							<height>80</height>
							<align>right</align>
							<aligny>center</aligny>
							<aspectratio>keep</aspectratio>
							<texture>$INFO[ListItem.Icon]</texture>
						</control>
					</control>
				</itemlayout>
				<focusedlayout height="100" width="604">
					<!--focused bg-->
					<control type="image">
						<left>4</left>
						<top>0</top>
						<width>600</width>
						<height>90</height>
						<texture colordiffuse="$INFO[Skin.String(color.tertiary)]">backgrounds/white.png</texture>
						<animation effect="fade" start="100" end="75" time="200" condition="!Control.HasFocus(50)">Conditional</animation>
					</control>
					<!--focused bg nib-->
					<control type="image">
						<left>0</left>
						<top>0</top>
						<width>4</width>
						<height>90</height>
						<texture colordiffuse="$INFO[Skin.String(color.500)]">backgrounds/white.png</texture>
						<animation effect="fade" start="100" end="75" time="200" condition="!Control.HasFocus(50)">Conditional</animation>
					</control>
					<control type="group">
						<left>4</left>
						<top>4</top>
						<!--channel number-->
						<control type="label">
							<left>15</left>
							<top>-4</top>
							<width>60</width>
							<height>45</height>
							<font>channel</font>
							<textcolor>$INFO[Skin.String(color.text)]</textcolor>
							<selectedcolor>$INFO[Skin.String(color.500)]</selectedcolor>
							<align>left</align>
							<info>ListItem.ChannelNumberLabel</info>
						</control>
						<!--recording icon-->
						<control type="image">
							<left>10</left>
							<top>45</top>
							<width>30</width>
							<height>30</height>
							<texture colordiffuse="$INFO[Skin.String(color.500)]">PVR-IsRecording.png</texture>
							<aspectratio>keep</aspectratio>
							<visible>ListItem.IsRecording</visible>
						</control>
						<!--channel name-->
						<control type="label">
							<left>75</left>
							<top>0</top>
							<width>525</width>
							<height>30</height>
							<font>label</font>
							<textcolor>$INFO[Skin.String(color.text)]</textcolor>
							<selectedcolor>$INFO[Skin.String(color.500)]</selectedcolor>
							<align>left</align>
							<aligny>center</aligny>
							<label>$INFO[ListItem.Label]</label>
						</control>
						<!--show title (no icon)-->
						<control type="label">
							<left>75</left>
							<top>30</top>
							<width>525</width>
							<height>30</height>
							<font>secondary.info</font>
							<textcolor>$INFO[Skin.String(color.text)]</textcolor>
							<selectedcolor>$INFO[Skin.String(color.500)]</selectedcolor>
							<align>left</align>
							<aligny>center</aligny>
							<label>$INFO[ListItem.Title]</label>
							<visible>String.IsEmpty(Listitem.Icon)</visible>
						</control>
						<!--show title (icon)-->
						<control type="label">
							<left>75</left>
							<top>30</top>
							<width>420</width>
							<height>30</height>
							<font>secondary.info</font>
							<textcolor>$INFO[Skin.String(color.text)]</textcolor>
							<selectedcolor>$INFO[Skin.String(color.500)]</selectedcolor>
							<align>left</align>
							<aligny>center</aligny>
							<label>$INFO[ListItem.Title]</label>
							<visible>!String.IsEmpty(Listitem.Icon)</visible>
						</control>
						<!--progress-->
						<control type="progress">
							<description>Progressbar</description>
							<left>75</left>
							<top>70</top>
							<width>420</width>
							<height>7</height>
							<info>ListItem.Progress</info>
							<visible>ListItem.HasEpg</visible>
						</control>
						<!--channel icon-->
						<control type="image">
							<left>510</left>
							<top>1</top>
							<width>80</width>
							<height>80</height>
							<align>right</align>
							<aligny>center</aligny>
							<aspectratio>keep</aspectratio>
							<texture>$INFO[ListItem.Icon]</texture>
						</control>
					</control>
				</focusedlayout>
			</control>
			<!--scrollbar-->
			<control type="scrollbar" id="70">
				<left>613</left>
				<bottom>10</bottom>
				<onleft>50</onleft>
				<onright>100</onright>
				<orientation>vertical</orientation>
			</control>
		</control>
		<include>CommonNowPlaying</include>
		<include>BehindDialogFadeOut</include>
		<include>ScrollOffsetLabel</include>
		<control type="image">
			<left>0</left>
			<top>0</top>
			<width>100%</width>
			<height>100%</height>
			<texture>black-back.png</texture>
			<animation effect="fade" time="400">Visible</animation>
			<animation effect="fade" time="200">Hidden</animation>
			<visible>Window.IsActive(FileBrowser) | Window.IsActive(PVRGuideInfo) | Window.IsActive(PVRRecordingInfo) | Window.IsActive(PVRTimerSetting) | Window.IsActive(PVRGroupManager) | Window.IsActive(PVRGuideSearch)</visible>
		</control>
		<include>PVRSideBlade</include>
		<include>PVRChannelNumberInput</include>
	</controls>
</window>
