<?xml version="1.0" encoding="UTF-8"?>
<window>
	<defaultcontrol always="true">50</defaultcontrol>
	<menucontrol>9000</menucontrol>
	<views>50,51,500,550,551,501,508,504,503,515,505,511</views>
	<controls>
		<!--all content-->
		<control type="group">
			<!--backgrounds (e.g. fanart-->
			<control type="group">
				<include>CommonBackground</include>
			</control>
			<!--views-->
			<control type="group">
				<visible>!Window.IsActive(MovieInformation)</visible>
				<include>Window_OpenClose_Animation</include>
				<include>CommonRootView</include>
				<!-- view id = 50 -->
				<include>FullWidthList</include>
				<!-- view id = 51 -->
				<include>ThumbnailView</include>
				<!-- view id = 500 -->
				<include>PosterWrapView</include>
				<!-- view id = 501 -->
				<include>PosterWrapView2_Fanart</include>
				<!-- view id = 508 -->
				<include>MediaListView3</include>
				<!-- view id = 503 -->
				<include>MediaListView2</include>
				<!-- view id = 504 -->
				<include>MediaListView4</include>
				<!-- view id = 515 -->
				<include>WideIconView</include>
				<!-- view id = 505 -->
				<include>MusicVideoInfoListView</include>
				<!-- view id = 511 -->
				<include>AddonInfoListView1</include>
				<!-- view id = 550 -->
				<include>AddonInfoThumbView1</include>
				<!-- view id = 551 -->
			</control>
			<!--general window furniture-->
			<control type="group">
				<include>Clock</include>
				<include>CommonPageCount</include>
				<include>CommonNowPlaying</include>
				<include>ScrollOffsetLabel</include>
			</control>
			<!--breadcrumbs-->
			<include content="DynamicLeftBreadcrumb">
				<param name="breadcrumb1-label" value="$LOCALIZE[3]" />
				<param name="breadcrumb2-label" value="[LOWERCASE]$INFO[Container.FolderName][/LOWERCASE]" />
				<param name="breadcrumb2-visible" value="!String.IsEmpty(Container.FolderName)" />
			</include>
			<include content="DynamicLeftBreadcrumb">
				<param name="breadcrumb-top" value="110" />
				<param name="breadcrumb-height" value="34" />
				<param name="breadcrumb-font" value="breadcrumb.secondary" />
				<param name="breadcrumb1-label" value="$LOCALIZE[31062]" />
				<param name="breadcrumb2-label" value="$INFO[Container.SortMethod]" />
				<param name="breadcrumb2-visible" value="true" />
			</include>
			<!--dialog fade-->
			<include>BehindDialogFadeOut</include>
			<!--view options-->
			<control type="group">
				<left>-383</left>
				<include>SideBladeLeft</include>
				<control type="group">
					<top>100</top>
					<bottom>0</bottom>
					<!--buttons grouplist-->
					<control type="grouplist" id="9000">
						<left>10</left>
						<width>375</width>
						<height>100%</height>
						<onleft>9000</onleft>
						<onright>50</onright>
						<onup>9000</onup>
						<ondown>9000</ondown>
						<onback>50</onback>
						<itemgap>0</itemgap>
						<!--view as-->
						<control type="button" id="2">
							<textwidth>352</textwidth>
							<include>ButtonCommonValues</include>
							<label></label>
						</control>
						<!--sort by-->
						<control type="button" id="3">
							<include>ButtonCommonValues</include>
							<label>103</label>
						</control>
						<!--ascending/descending-->
						<control type="togglebutton" id="4">
							<include>ButtonCommonValues</include>
							<label>31051</label>
							<altlabel>31050</altlabel>
							<usealttexture>Container.SortDirection(Ascending)</usealttexture>
						</control>
						<!--filter basic-->
						<control type="edit" id="19">
							<visible>!Container.CanFilterAdvanced</visible>
							<textwidth>345</textwidth>
							<include>ButtonCommonValues</include>
							<label>587</label>
						</control>
						<!--filter advanced-->
						<control type="radiobutton" id="98">
							<visible>Container.CanFilterAdvanced</visible>
							<include>ButtonCommonValues</include>
							<label>587</label>
							<selected>Container.Filtered</selected>
							<onclick>right</onclick>
							<onclick>Filter</onclick>
						</control>
						<!--show info (508)-->
						<control type="radiobutton" id="99">
							<textwidth>255</textwidth>
							<include>ButtonCommonValues</include>
							<label>31005</label>
							<onclick>Skin.ToggleSetting(View508HideInfo)</onclick>
							<selected>Skin.HasSetting(View508HideInfo)</selected>
							<visible>Control.IsVisible(508)</visible>
						</control>
						<!--background settings-->
						<control type="button" id="30">
							<label>$LOCALIZE[31102]</label>
							<include>ButtonCommonValues</include>
							<onclick>ActivateWindowAndFocus(SkinSettings,9000,2,301,0)</onclick>
						</control>
						<!--choose colour-->
						<control type="button" id="32">
							<label>$LOCALIZE[31919]</label>
							<include>ButtonCommonValues</include>
							<onclick>SetFocus(50)</onclick>
							<onclick>ActivateWindow(1100)</onclick>
						</control>
						<!--watched toggle-->
						<control type="radiobutton" id="14">
							<textwidth>255</textwidth>
							<include>ButtonCommonValues</include>
							<label>20367</label>
						</control>
						<!--search-->
						<control type="button" id="8">
							<include>ButtonCommonValues</include>
							<label>137</label>
						</control>
						<!--party mode-->
						<control type="radiobutton" id="16">
							<label>589</label>
							<include>ButtonCommonValues</include>
							<visible>Container.Content(MusicVideos)</visible>
						</control>
						<!--unlock shares-->
						<control type="radiobutton" id="11">
							<textwidth>255</textwidth>
							<include>ButtonCommonValues</include>
							<label>20336</label>
							<onclick>xbmc.mastermode</onclick>
							<selected>system.ismaster</selected>
							<visible>system.haslocks</visible>
						</control>
						<!--update library-->
						<control type="togglebutton" id="20">
							<textwidth>352</textwidth>
							<include>ButtonCommonValues</include>
							<label>653</label>
							<altlabel>13353</altlabel>
							<usealttexture>library.isscanningvideo</usealttexture>
						</control>
						<!--now playing controls-->
						<include>CommonNowPlaying_Controls</include>
					</control>
				</control>
			</control>
		</control>
	</controls>
</window>