<?xml version="1.0" encoding="UTF-8"?>
<includes>
	<include name="PosterWrapView">
		<!--all content-->
		<control type="group">
			<visible>Control.IsVisible(501)</visible>
			<centerleft>50%</centerleft>
			<centertop>50%</centertop>
			<width>1810</width>
			<height>538</height>
			<!--content list-->
			<control type="list" id="501">
				<visible>Container.Content(Movies) | Container.Content(Seasons) | Container.Content(TVShows) | Container.Content(Sets)</visible>
				<visible>!Container.Content(LiveTV)</visible>
				<width>1810</width>
				<height>538</height>
				<onleft>501</onleft>
				<onright>501</onright>
				<onup>2</onup>
				<ondown>601</ondown>
				<viewtype label="31028">bigwrap</viewtype>
				<pagecontrol>601</pagecontrol>
				<scrolltime>200</scrolltime>
				<orientation>horizontal</orientation>
				<preloaditems>4</preloaditems>
				<focusposition>1</focusposition>
				<movement>3</movement>
				<itemlayout height="500" width="362">
					<!--bg (fallback)-->
					<control type="image">
						<left>0</left>
						<top>0</top>
						<width>362</width>
						<height>538</height>
						<aspectratio>stretch</aspectratio>
						<texture colordiffuse="$INFO[Skin.String(color.tertiary)]" background="true">backgrounds/white.png</texture>
						<visible>String.Contains(ListItem.Icon,Default)</visible>
						<bordersize>5</bordersize>
						<bordertexture colordiffuse="$INFO[Skin.String(color.tertiary)]">backgrounds/poster shadow small.png</bordertexture>
					</control>
					<!--thumb (fallback)-->
					<control type="image">
						<left>5</left>
						<top>5</top>
						<width>352</width>
						<height>528</height>
						<aspectratio>keep</aspectratio>
						<texture colordiffuse="$INFO[Skin.String(color.500)]" background="true">$VAR[PosterThumb]</texture>
						<visible>String.Contains(ListItem.Icon,Default)</visible>
					</control>
					<!--thumb (no fallback)-->
					<control type="image">
						<left>0</left>
						<top>0</top>
						<width>362</width>
						<height>538</height>
						<aspectratio>stretch</aspectratio>
						<texture background="true">$VAR[PosterThumb]</texture>
						<bordersize>5</bordersize>
						<bordertexture colordiffuse="$INFO[Skin.String(color.tertiary)]">backgrounds/poster shadow small.png</bordertexture>
						<visible>!String.Contains(ListItem.Icon,Default)</visible>
					</control>
					<!--overlay background-->
					<control type="image">
						<left>5</left>
						<top>5</top>
						<width>45</width>
						<height>45</height>
						<texture colordiffuse="$INFO[Skin.String(color.500)]">backgrounds/white.png</texture>
						<visible>String.IsEqual(ListItem.Overlay,OverlayWatched.png) | ListItem.IsResumable</visible>
					</control>
					<!--watched icon-->
					<control type="image">
						<left>5</left>
						<top>7</top>
						<width>45</width>
						<height>40</height>
						<texture colordiffuse="white">$INFO[ListItem.Overlay]</texture>
						<visible>Window.IsVisible(Videos) + !ListItem.IsResumable</visible>
					</control>
					<!--resumable icon-->
					<control type="image">
						<left>5</left>
						<top>7</top>
						<width>45</width>
						<height>40</height>
						<texture colordiffuse="white">OverlayWatching.png</texture>
						<visible>Window.IsVisible(Videos) + ListItem.IsResumable</visible>
					</control>
				</itemlayout>
				<focusedlayout height="500" width="362">
					<!--bg (fallback)-->
					<control type="image">
						<left>0</left>
						<top>0</top>
						<width>362</width>
						<height>538</height>
						<aspectratio>stretch</aspectratio>
						<texture colordiffuse="quaternary" background="true">backgrounds/white.png</texture>
						<visible>String.Contains(ListItem.Icon,Default)</visible>
						<bordersize>5</bordersize>
						<bordertexture colordiffuse="$INFO[Skin.String(color.500)]">backgrounds/white.png</bordertexture>
					</control>
					<!--thumb (fallback)-->
					<control type="image">
						<left>5</left>
						<top>5</top>
						<width>352</width>
						<height>528</height>
						<aspectratio>keep</aspectratio>
						<texture colordiffuse="$INFO[Skin.String(color.500)]" background="true">$VAR[PosterThumb]</texture>
						<visible>String.Contains(ListItem.Icon,Default)</visible>
					</control>
					<!--thumb (no fallback)-->
					<control type="image">
						<left>0</left>
						<top>0</top>
						<width>362</width>
						<height>538</height>
						<aspectratio>stretch</aspectratio>
						<texture background="true">$VAR[PosterThumb]</texture>
						<bordersize>5</bordersize>
						<bordertexture colordiffuse="$INFO[Skin.String(color.500)]">backgrounds/white.png</bordertexture>
						<visible>!String.Contains(ListItem.Icon,Default)</visible>
					</control>
					<!--info background-->
					<control type="image">
						<left>5</left>
						<top>413</top>
						<width>280</width>
						<height>120</height>
						<texture colordiffuse="$INFO[Skin.String(color.tertiary)]">backgrounds/white.png</texture>
					</control>
					<!--main label-->
					<control type="textbox">
						<left>20</left>
						<top>420</top>
						<width>250</width>
						<height>78</height>
						<font>breadcrumb</font>
						<textcolor>$INFO[Skin.String(color.text)]</textcolor>
						<selectedcolor>$INFO[Skin.String(color.500)]</selectedcolor>
						<align>left</align>
						<label>$INFO[ListItem.Label]</label>
					</control>
					<!--secondary label-->
					<control type="label">
						<left>22</left>
						<top>498</top>
						<width>244</width>
						<height>24</height>
						<font>secondary.info</font>
						<textcolor>$INFO[Skin.String(color.500)]</textcolor>
						<selectedcolor>$INFO[Skin.String(color.500)]</selectedcolor>
						<align>left</align>
						<label>$INFO[ListItem.Rating]$INFO[ListItem.Year, • ,]$INFO[ListItem.Duration, • ,]</label>
					</control>
					<!--overlay background-->
					<control type="image">
						<left>5</left>
						<top>5</top>
						<width>45</width>
						<height>45</height>
						<texture colordiffuse="$INFO[Skin.String(color.tertiary)]">backgrounds/white.png</texture>
						<visible>String.IsEqual(ListItem.Overlay,OverlayWatched.png) | ListItem.IsResumable</visible>
					</control>
					<!--watched icon-->
					<control type="image">
						<left>5</left>
						<top>7</top>
						<width>45</width>
						<height>40</height>
						<texture colordiffuse="$INFO[Skin.String(color.500)]">$INFO[ListItem.Overlay]</texture>
						<visible>Window.IsVisible(Videos) + !ListItem.IsResumable</visible>
					</control>
					<!--resumable icon-->
					<control type="image">
						<left>5</left>
						<top>7</top>
						<width>45</width>
						<height>40</height>
						<texture colordiffuse="$INFO[Skin.String(color.500)]">OverlayWatching.png</texture>
						<visible>Window.IsVisible(Videos) + ListItem.IsResumable</visible>
					</control>
				</focusedlayout>
			</control>
			<!--scrollbar-->
			<control type="scrollbar" id="601">
				<left>5</left>
				<top>-5r</top>
				<width>1800</width>
				<height>7</height>
				<onup>501</onup>
				<ondown>9000</ondown>
				<showonepage>false</showonepage>
				<orientation>horizontal</orientation>
				<visible>Control.IsVisible(501)</visible>
			</control>
		</control>
	</include>
	<include name="PosterWrapView2_Fanart">
		<!--all content-->
		<control type="group">
			<visible>Control.IsVisible(508)</visible>
			<include>VisibleFadeEffect</include>
			<include condition="String.IsEqual(Skin.AspectRatio,4:3)">TallListContainer</include>
			<include condition="!String.IsEqual(Skin.AspectRatio,4:3)">ShortListContainer</include>
			<centerleft>50%</centerleft>
			<width>1810</width>
			<!--label-->
			<control type="label">
				<visible>[ListItem.IsFolder + Container.Content(Movies)] | Skin.HasSetting(View508HideInfo) | Container.Content(Sets)</visible>
				<left>5</left>
				<top>314r</top>
				<width>1800</width>
				<height>30</height>
				<font>info.title</font>
				<textcolor>white</textcolor>
				<shadowcolor>button.nf</shadowcolor>
				<scroll>true</scroll>
				<align>left</align>
				<aligny>center</aligny>
				<label>$INFO[ListItem.Label] LABEL1</label>
			</control>
			<control type="group">
				<left>0</left>
				<top>280r</top>
				<!--content list-->
				<control type="list" id="508">
					<visible>Container.Content(Movies) | Container.Content(TVShows) | Container.Content(Sets)</visible>
					<top>14</top>
					<width>1810</width>
					<height>280</height>
					<onleft>508</onleft>
					<onright>508</onright>
					<onup>2</onup>
					<ondown>608</ondown>
					<viewtype label="31029">wrap</viewtype>
					<pagecontrol>608</pagecontrol>
					<scrolltime>200</scrolltime>
					<focusposition>5</focusposition>
					<movement>3</movement>
					<orientation>horizontal</orientation>
					<preloaditems>4</preloaditems>
					<itemlayout height="300" width="181">
						<!--bg (fallback)-->
						<control type="image">
							<left>0</left>
							<top>0</top>
							<width>181</width>
							<height>266</height>
							<aspectratio>stretch</aspectratio>
							<texture colordiffuse="$INFO[Skin.String(color.tertiary)]" background="true">backgrounds/white.png</texture>
							<bordersize>5</bordersize>
							<bordertexture>backgrounds/poster shadow small l.png</bordertexture>
							<visible>String.Contains(ListItem.Icon,Default)</visible>
						</control>
						<!--thumb (fallback)-->
						<control type="image">
							<left>5</left>
							<top>5</top>
							<width>171</width>
							<height>256</height>
							<aspectratio>keep</aspectratio>
							<texture colordiffuse="$INFO[Skin.String(color.500)]" background="true">$VAR[PosterThumb]</texture>
							<visible>String.Contains(ListItem.Icon,Default)</visible>
						</control>
						<!--thumb (no fallback)-->
						<control type="image">
							<left>0</left>
							<top>0</top>
							<width>181</width>
							<height>266</height>
							<aspectratio>stretch</aspectratio>
							<texture background="true">$VAR[PosterThumb]</texture>
							<bordersize>5</bordersize>
							<bordertexture>backgrounds/poster shadow small l.png</bordertexture>
							<visible>!String.Contains(ListItem.Icon,Default)</visible>
						</control>
						<!--overlay background-->
						<control type="image">
							<left>5</left>
							<top>5</top>
							<width>35</width>
							<height>35</height>
							<texture colordiffuse="$INFO[Skin.String(color.500)]">backgrounds/white.png</texture>
							<visible>String.IsEqual(ListItem.Overlay,OverlayWatched.png) | ListItem.IsResumable</visible>
						</control>
						<!--watched icon-->
						<control type="image">
							<left>5</left>
							<top>7</top>
							<width>34</width>
							<height>30</height>
							<texture colordiffuse="white">$INFO[ListItem.Overlay]</texture>
							<visible>Window.IsVisible(Videos) + !ListItem.IsResumable</visible>
						</control>
						<!--resumable icon-->
						<control type="image">
							<left>5</left>
							<top>7</top>
							<width>34</width>
							<height>30</height>
							<texture colordiffuse="white">OverlayWatching.png</texture>
							<visible>Window.IsVisible(Videos) + ListItem.IsResumable</visible>
						</control>
					</itemlayout>
					<focusedlayout height="465" width="181">
						<!--bg (fallback)-->
						<control type="image">
							<left>0</left>
							<top>0</top>
							<width>181</width>
							<height>266</height>
							<aspectratio>stretch</aspectratio>
							<texture colordiffuse="quaternary" background="true">backgrounds/white.png</texture>
							<bordersize>5</bordersize>
							<bordertexture colordiffuse="$INFO[Skin.String(color.500)]">backgrounds/white.png</bordertexture>
							<visible>String.Contains(ListItem.Icon,Default)</visible>
						</control>
						<!--thumb (fallback)-->
						<control type="image">
							<left>5</left>
							<top>5</top>
							<width>171</width>
							<height>256</height>
							<aspectratio>keep</aspectratio>
							<texture colordiffuse="$INFO[Skin.String(color.500)]" background="true">$VAR[PosterThumb]</texture>
							<visible>String.Contains(ListItem.Icon,Default)</visible>
						</control>
						<!--thumb (no fallback)-->
						<control type="image">
							<left>0</left>
							<top>0</top>
							<width>181</width>
							<height>266</height>
							<aspectratio>stretch</aspectratio>
							<texture background="true">$VAR[PosterThumb]</texture>
							<bordersize>5</bordersize>
							<bordertexture colordiffuse="$INFO[Skin.String(color.500)]">backgrounds/white.png</bordertexture>
							<visible>!String.Contains(ListItem.Icon,Default)</visible>
						</control>
						<!--overlay background-->
						<control type="image">
							<left>5</left>
							<top>5</top>
							<width>35</width>
							<height>35</height>
							<texture colordiffuse="$INFO[Skin.String(color.tertiary)]">backgrounds/white.png</texture>
							<visible>String.IsEqual(ListItem.Overlay,OverlayWatched.png) | ListItem.IsResumable</visible>
						</control>
						<!--watched icon-->
						<control type="image">
							<left>5</left>
							<top>7</top>
							<width>34</width>
							<height>30</height>
							<texture colordiffuse="$INFO[Skin.String(color.500)]">$INFO[ListItem.Overlay]</texture>
							<visible>Window.IsVisible(Videos) + !ListItem.IsResumable</visible>
						</control>
						<!--resumable icon-->
						<control type="image">
							<left>5</left>
							<top>7</top>
							<width>34</width>
							<height>30</height>
							<texture colordiffuse="$INFO[Skin.String(color.500)]">OverlayWatching.png</texture>
							<visible>Window.IsVisible(Videos) + ListItem.IsResumable</visible>
						</control>
					</focusedlayout>
				</control>
				<!--scrollbar-->
				<control type="scrollbar" id="608">
					<left>5</left>
					<top>285</top>
					<width>1800</width>
					<height>7</height>
					<onup>508</onup>
					<ondown>9000</ondown>
					<showonepage>false</showonepage>
					<orientation>horizontal</orientation>
					<visible>Control.IsVisible(508)</visible>
				</control>
			</control>
			<!--movies info-->
			<control type="group">
				<centerleft>50%</centerleft>
				<width>1200</width>
				<visible>![ListItem.IsFolder + Container.Content(Movies)] + !Skin.HasSetting(View508HideInfo) + !Container.Content(Sets)</visible>
				<!--background-->
				<control type="image">
					<left>-10</left>
					<top>-10</top>
					<bottom>261</bottom>
					<width>1220</width>
					<texture colordiffuse="$INFO[Skin.String(color.tertiary)]">backgrounds/poster wrap 2 bg.png</texture>
				</control>
				<!--title-->
				<control type="label">
					<left>30</left>
					<top>30</top>
					<width>1140</width>
					<height>30</height>
					<font>info.title</font>
					<textcolor>$INFO[Skin.String(color.text)]</textcolor>
					<scroll>false</scroll>
					<align>left</align>
					<aligny>center</aligny>
					<label>$INFO[ListItem.Label] LABEL2</label>
				</control>
				<!--movies info-->
				<control type="group">
					<top>-10</top>
					<visible>Container.Content(Movies)</visible>
					<!--year-->
					<control type="group">
						<control type="label">
							<left>30</left>
							<top>100</top>
							<width>240</width>
							<height>35</height>
							<font>secondary.info</font>
							<align>left</align>
							<aligny>center</aligny>
							<textcolor>$INFO[Skin.String(color.500)]</textcolor>
							<selectedcolor>selected</selectedcolor>
							<label>$LOCALIZE[562] LABEL3</label>
						</control>
						<control type="label">
							<left>200</left>
							<top>100</top>
							<width>240</width>
							<height>35</height>
							<font>secondary.info</font>
							<align>left</align>
							<aligny>center</aligny>
							<textcolor>$INFO[Skin.String(color.text)]</textcolor>
							<selectedcolor>selected</selectedcolor>
							<label>$INFO[ListItem.Year] LABEL4</label>
						</control>
					</control>
					<!--duration-->
					<control type="group">
						<top>35</top>
						<control type="label">
							<left>30</left>
							<top>100</top>
							<width>240</width>
							<height>35</height>
							<font>secondary.info</font>
							<align>left</align>
							<aligny>center</aligny>
							<textcolor>$INFO[Skin.String(color.500)]</textcolor>
							<selectedcolor>selected</selectedcolor>
							<label>$LOCALIZE[2050] LABEL5</label>
						</control>
						<control type="label">
							<left>200</left>
							<top>100</top>
							<width>240</width>
							<height>35</height>
							<font>secondary.info</font>
							<align>left</align>
							<aligny>center</aligny>
							<textcolor>$INFO[Skin.String(color.text)]</textcolor>
							<selectedcolor>selected</selectedcolor>
							<label>$INFO[ListItem.Duration] $LOCALIZE[12391] LABEL7</label>
						</control>
					</control>
					<!--mpaa-->
					<control type="group">
						<top>70</top>
						<control type="label">
							<left>30</left>
							<top>100</top>
							<width>240</width>
							<height>35</height>
							<font>secondary.info</font>
							<align>left</align>
							<aligny>center</aligny>
							<textcolor>$INFO[Skin.String(color.500)]</textcolor>
							<selectedcolor>selected</selectedcolor>
							<label>$LOCALIZE[31068] LABEL8</label>
						</control>
						<control type="label">
							<left>200</left>
							<top>100</top>
							<width>240</width>
							<height>35</height>
							<font>secondary.info</font>
							<align>left</align>
							<aligny>center</aligny>
							<textcolor>$INFO[Skin.String(color.text)]</textcolor>
							<selectedcolor>selected</selectedcolor>
							<label>$INFO[ListItem.Mpaa] LABEL9</label>
						</control>
					</control>
					<!--rating and votes-->
					<control type="group">
						<top>105</top>
						<control type="label">
							<left>30</left>
							<top>100</top>
							<width>240</width>
							<height>35</height>
							<font>secondary.info</font>
							<align>left</align>
							<aligny>center</aligny>
							<textcolor>$INFO[Skin.String(color.500)]</textcolor>
							<selectedcolor>selected</selectedcolor>
							<label>$LOCALIZE[563] LABEL10</label>
						</control>
						<control type="label">
							<left>200</left>
							<top>100</top>
							<width>240</width>
							<height>35</height>
							<font>secondary.info</font>
							<align>left</align>
							<aligny>center</aligny>
							<textcolor>$INFO[Skin.String(color.text)]</textcolor>
							<selectedcolor>selected</selectedcolor>
							<label>$INFO[ListItem.RatingAndVotes] LABEL11</label>
						</control>
					</control>
					<!--genre-->
					<control type="group">
						<top>140</top>
						<control type="label">
							<left>30</left>
							<top>100</top>
							<width>240</width>
							<height>35</height>
							<font>secondary.info</font>
							<align>left</align>
							<aligny>center</aligny>
							<textcolor>$INFO[Skin.String(color.500)]</textcolor>
							<selectedcolor>selected</selectedcolor>
							<label>$LOCALIZE[515] LABEL12</label>
						</control>
						<control type="label">
							<left>200</left>
							<top>100</top>
							<width>240</width>
							<height>35</height>
							<font>secondary.info</font>
							<align>left</align>
							<aligny>center</aligny>
							<textcolor>$INFO[Skin.String(color.text)]</textcolor>
							<selectedcolor>selected</selectedcolor>
							<label>$INFO[ListItem.Genre] LABEL13</label>
						</control>
					</control>
					<!--director-->
					<control type="group">
						<top>175</top>
						<control type="label">
							<left>30</left>
							<top>100</top>
							<width>240</width>
							<height>35</height>
							<font>secondary.info</font>
							<align>left</align>
							<aligny>center</aligny>
							<textcolor>$INFO[Skin.String(color.500)]</textcolor>
							<selectedcolor>selected</selectedcolor>
							<label>$LOCALIZE[20339] LABEL14</label>
						</control>
						<control type="label">
							<left>200</left>
							<top>100</top>
							<width>240</width>
							<height>35</height>
							<font>secondary.info</font>
							<align>left</align>
							<aligny>center</aligny>
							<textcolor>$INFO[Skin.String(color.text)]</textcolor>
							<selectedcolor>selected</selectedcolor>
							<label>$INFO[ListItem.Director] LABEL15</label>
						</control>
					</control>
					<!--writer-->
					<control type="group">
						<top>210</top>
						<control type="label">
							<left>30</left>
							<top>100</top>
							<width>240</width>
							<height>35</height>
							<font>secondary.info</font>
							<align>left</align>
							<aligny>center</aligny>
							<textcolor>$INFO[Skin.String(color.500)]</textcolor>
							<selectedcolor>selected</selectedcolor>
							<label>$LOCALIZE[20417]LABEL16</label>
						</control>
						<control type="label">
							<left>200</left>
							<top>100</top>
							<width>240</width>
							<height>35</height>
							<font>secondary.info</font>
							<align>left</align>
							<aligny>center</aligny>
							<textcolor>$INFO[Skin.String(color.text)]</textcolor>
							<selectedcolor>selected</selectedcolor>
							<label>$INFO[ListItem.Writer] LABEL17</label>
						</control>
					</control>
					<!--studio-->
					<control type="group">
						<top>245</top>
						<control type="label">
							<left>30</left>
							<top>100</top>
							<width>240</width>
							<height>35</height>
							<font>secondary.info</font>
							<align>left</align>
							<aligny>center</aligny>
							<textcolor>$INFO[Skin.String(color.500)]</textcolor>
							<selectedcolor>selected</selectedcolor>
							<label>$LOCALIZE[572] LABEL18</label>
						</control>
						<control type="label">
							<left>200</left>
							<top>100</top>
							<width>240</width>
							<height>35</height>
							<font>secondary.info</font>
							<align>left</align>
							<aligny>center</aligny>
							<textcolor>$INFO[Skin.String(color.text)]</textcolor>
							<selectedcolor>selected</selectedcolor>
							<label>$INFO[ListItem.Studio] LABEL19</label>
						</control>
					</control>
				</control>
				<!--tv shows info-->
				<control type="group">
					<top>-10</top>
					<visible>Container.Content(TVShows)</visible>
					<!--year-->
					<control type="group">
						<control type="label">
							<left>30</left>
							<top>100</top>
							<width>240</width>
							<height>35</height>
							<font>secondary.info</font>
							<align>left</align>
							<aligny>center</aligny>
							<textcolor>$INFO[Skin.String(color.500)]</textcolor>
							<selectedcolor>selected</selectedcolor>
							<label>$LOCALIZE[562] LABEL20</label>
						</control>
						<control type="label">
							<left>200</left>
							<top>100</top>
							<width>240</width>
							<height>35</height>
							<font>secondary.info</font>
							<align>left</align>
							<aligny>center</aligny>
							<textcolor>$INFO[Skin.String(color.text)]</textcolor>
							<selectedcolor>selected</selectedcolor>
							<label>$INFO[ListItem.Year] LABEL21</label>
						</control>
					</control>
					<!--premiered-->
					<control type="group">
						<top>35</top>
						<control type="label">
							<left>30</left>
							<top>100</top>
							<width>240</width>
							<height>35</height>
							<font>secondary.info</font>
							<align>left</align>
							<aligny>center</aligny>
							<textcolor>$INFO[Skin.String(color.500)]</textcolor>
							<selectedcolor>selected</selectedcolor>
							<label>$LOCALIZE[31322] LABEL22</label>
						</control>
						<control type="label">
							<left>200</left>
							<top>100</top>
							<width>240</width>
							<height>35</height>
							<font>secondary.info</font>
							<align>left</align>
							<aligny>center</aligny>
							<textcolor>$INFO[Skin.String(color.text)]</textcolor>
							<selectedcolor>selected</selectedcolor>
							<label>$INFO[ListItem.Premiered] LABEL23</label>
						</control>
					</control>
					<!--mpaa-->
					<control type="group">
						<top>70</top>
						<control type="label">
							<left>30</left>
							<top>100</top>
							<width>240</width>
							<height>35</height>
							<font>secondary.info</font>
							<align>left</align>
							<aligny>center</aligny>
							<textcolor>$INFO[Skin.String(color.500)]</textcolor>
							<selectedcolor>selected</selectedcolor>
							<label>$LOCALIZE[31068] LABEL24</label>
						</control>
						<control type="label">
							<left>200</left>
							<top>100</top>
							<width>240</width>
							<height>35</height>
							<font>secondary.info</font>
							<align>left</align>
							<aligny>center</aligny>
							<textcolor>$INFO[Skin.String(color.text)]</textcolor>
							<selectedcolor>selected</selectedcolor>
							<label>$INFO[ListItem.Mpaa] LABEL25</label>
						</control>
					</control>
					<!--rating and votes-->
					<control type="group">
						<top>105</top>
						<control type="label">
							<left>30</left>
							<top>100</top>
							<width>240</width>
							<height>35</height>
							<font>secondary.info</font>
							<align>left</align>
							<aligny>center</aligny>
							<textcolor>$INFO[Skin.String(color.500)]</textcolor>
							<selectedcolor>selected</selectedcolor>
							<label>$LOCALIZE[563] LABEL26</label>
						</control>
						<control type="label">
							<left>200</left>
							<top>100</top>
							<width>240</width>
							<height>35</height>
							<font>secondary.info</font>
							<align>left</align>
							<aligny>center</aligny>
							<textcolor>$INFO[Skin.String(color.text)]</textcolor>
							<selectedcolor>selected</selectedcolor>
							<label>$INFO[ListItem.RatingAndVotes] LABEL27</label>
						</control>
					</control>
					<!--genre-->
					<control type="group">
						<top>140</top>
						<control type="label">
							<left>30</left>
							<top>100</top>
							<width>240</width>
							<height>35</height>
							<font>secondary.info</font>
							<align>left</align>
							<aligny>center</aligny>
							<textcolor>$INFO[Skin.String(color.500)]</textcolor>
							<selectedcolor>selected</selectedcolor>
							<label>$LOCALIZE[515] LABEL28</label>
						</control>
						<control type="label">
							<left>200</left>
							<top>100</top>
							<width>240</width>
							<height>35</height>
							<font>secondary.info</font>
							<align>left</align>
							<aligny>center</aligny>
							<textcolor>$INFO[Skin.String(color.text)]</textcolor>
							<selectedcolor>selected</selectedcolor>
							<label>$INFO[ListItem.Genre] LABEL29</label>
						</control>
					</control>
					<!--studio-->
					<control type="group">
						<top>175</top>
						<control type="label">
							<left>30</left>
							<top>100</top>
							<width>240</width>
							<height>35</height>
							<font>secondary.info</font>
							<align>left</align>
							<aligny>center</aligny>
							<textcolor>$INFO[Skin.String(color.500)]</textcolor>
							<selectedcolor>selected</selectedcolor>
							<label>$LOCALIZE[572] LABEL30</label>
						</control>
						<control type="label">
							<left>200</left>
							<top>100</top>
							<width>240</width>
							<height>35</height>
							<font>secondary.info</font>
							<align>left</align>
							<aligny>center</aligny>
							<textcolor>$INFO[Skin.String(color.text)]</textcolor>
							<selectedcolor>selected</selectedcolor>
							<label>$INFO[ListItem.Studio] LABEL31</label>
						</control>
					</control>
					<!--episodes-->
					<control type="group">
						<top>210</top>
						<control type="label">
							<left>30</left>
							<top>100</top>
							<width>240</width>
							<height>35</height>
							<font>secondary.info</font>
							<align>left</align>
							<aligny>center</aligny>
							<textcolor>$INFO[Skin.String(color.500)]</textcolor>
							<selectedcolor>selected</selectedcolor>
							<label>$LOCALIZE[20360] LABEL32</label>
						</control>
						<control type="label">
							<left>200</left>
							<top>100</top>
							<width>240</width>
							<height>35</height>
							<font>secondary.info</font>
							<align>left</align>
							<aligny>center</aligny>
							<textcolor>$INFO[Skin.String(color.text)]</textcolor>
							<selectedcolor>selected</selectedcolor>
							<label>$INFO[ListItem.episode] LABEL33</label>
						</control>
					</control>
					<!--unwatched-->
					<control type="group">
						<top>245</top>
						<control type="label">
							<left>30</left>
							<top>100</top>
							<width>240</width>
							<height>35</height>
							<font>secondary.info</font>
							<align>left</align>
							<aligny>center</aligny>
							<textcolor>$INFO[Skin.String(color.500)]</textcolor>
							<selectedcolor>selected</selectedcolor>
							<label>$LOCALIZE[16101] LABEL34</label>
						</control>
						<control type="label">
							<left>200</left>
							<top>100</top>
							<width>240</width>
							<height>35</height>
							<font>secondary.info</font>
							<align>left</align>
							<aligny>center</aligny>
							<textcolor>$INFO[Skin.String(color.text)]</textcolor>
							<selectedcolor>selected</selectedcolor>
							<label>$INFO[ListItem.Property(UnWatchedEpisodes)] LABEL35</label>
						</control>
					</control>
					<!--path-->
					<control type="group">
						<top>280</top>
						<control type="label">
							<left>30</left>
							<top>100</top>
							<width>240</width>
							<height>35</height>
							<font>secondary.info</font>
							<align>left</align>
							<aligny>center</aligny>
							<textcolor>$INFO[Skin.String(color.500)]</textcolor>
							<selectedcolor>selected</selectedcolor>
							<label>$LOCALIZE[31067] LABEL36</label>
						</control>
						<control type="label">
							<left>200</left>
							<top>100</top>
							<width>240</width>
							<height>35</height>
							<font>secondary.info</font>
							<align>left</align>
							<aligny>center</aligny>
							<textcolor>$INFO[Skin.String(color.text)]</textcolor>
							<selectedcolor>selected</selectedcolor>
							<label>$INFO[ListItem.Path] LABEL37</label>
						</control>
					</control>
				</control>
				<!--seperator-->
				<control type="image">
					<left>470</left>
					<top>90</top>
					<bottom>300</bottom>
					<width>1</width>
					<texture colordiffuse="$INFO[Skin.String(color.500)]">backgrounds/white.png</texture>
				</control>
				<!--plot-->
				<control type="textbox">
					<left>500</left>
					<top>85</top>
					<bottom>300</bottom>
					<width>665</width>
					<font>label</font>
					<align>left</align>
					<textcolor>text.primary</textcolor>
					<label>$INFO[ListItem.Plot] LABEL38</label>
					<autoscroll time="2000" delay="15000" repeat="10000">Skin.HasSetting(AutoScroll)</autoscroll>
				</control>
				<!--audio/video flags-->
				<control type="group">
					<left>30</left>
					<top>328r</top>
					<visible>Container.Content(Movies)</visible>
					<include>media.flags.small</include>
					<animation effect="zoom" start="100" end="80" time="0" condition="true">Conditional</animation>
				</control>
			</control>
		</control>
	</include>
	<include name="MediaListView2">
		<!--all content-->
		<control type="group">
			<visible>Control.IsVisible(504)</visible>
			<include>VisibleFadeEffect</include>
			<include condition="String.IsEqual(Skin.AspectRatio,4:3)">TallListContainer</include>
			<include condition="!String.IsEqual(Skin.AspectRatio,4:3)">ShortListContainer</include>
			<centerleft>50%</centerleft>
			<width>1561</width>
			<!--content list-->
			<control type="list" id="504">
				<include condition="String.IsEqual(Skin.AspectRatio,4:3)">TallListSlide</include>
				<include condition="!String.IsEqual(Skin.AspectRatio,4:3)">ShortListSlide</include>
				<width>1004</width>
				<onleft>2</onleft>
				<onright>604</onright>
				<onup>504</onup>
				<ondown>504</ondown>
				<viewtype label="$LOCALIZE[544]">list</viewtype>
				<pagecontrol>604</pagecontrol>
				<scrolltime>200</scrolltime>
				<visible>Container.Content(TVShows) | Container.Content(Seasons) | Container.Content(Episodes) | Container.Content(Movies)</visible>
				<itemlayout height="70" width="1004">
					<!--background-->
					<control type="image">
						<left>4</left>
						<top>0</top>
						<width>1000</width>
						<height>60</height>
						<texture colordiffuse="button.nf">backgrounds/white.png</texture>
					</control>
					<!--main label-->
					<control type="label">
						<left>19</left>
						<top>0</top>
						<width>990</width>
						<height>60</height>
						<font>label</font>
						<textcolor>white</textcolor>
						<selectedcolor>$INFO[Skin.String(color.500)]</selectedcolor>
						<align>left</align>
						<aligny>center</aligny>
						<label>$INFO[ListItem.Label]</label>
					</control>
					<!--secondary label (non videos)-->
					<control type="label">
						<left>385</left>
						<top>0</top>
						<width>600</width>
						<height>60</height>
						<font>secondary.info</font>
						<textcolor>white</textcolor>
						<selectedcolor>$INFO[Skin.String(color.500)]</selectedcolor>
						<align>right</align>
						<aligny>center</aligny>
						<label>$INFO[ListItem.Label2]</label>
						<visible>!Window.IsVisible(Videos)</visible>
					</control>
					<!--secondary label (videos)-->
					<control type="label">
						<left>319</left>
						<top>0</top>
						<width>600</width>
						<height>60</height>
						<font>secondary.info</font>
						<textcolor>white</textcolor>
						<selectedcolor>$INFO[Skin.String(color.500)]</selectedcolor>
						<align>right</align>
						<aligny>center</aligny>
						<label>$INFO[ListItem.Label2]</label>
						<visible>Window.IsVisible(Videos)</visible>
						<animation effect="slide" start="0,0" end="41,0" delay="0" time="0" condition="![Container.Content(Movies) | Container.Content(Episodes) | Container.Content(MusicVideos)]">conditional</animation>
					</control>
					<!--hd/sd flag-->
					<control type="image">
						<left>918</left>
						<top>10</top>
						<width>56</width>
						<height>40</height>
						<texture>$INFO[ListItem.VideoResolution,flagging/lists/,.png]</texture>
						<visible>Window.IsVisible(Videos) + [Container.Content(Movies) | Container.Content(Episodes) | Container.Content(MusicVideos)]</visible>
						<visible>!ListItem.IsStereoscopic</visible>
					</control>
					<!--3d flag-->
					<control type="image">
						<left>918</left>
						<top>20</top>
						<width>56</width>
						<height>40</height>
						<texture>flagging/lists/3D.png</texture>
						<visible>Window.IsVisible(Videos) + [Container.Content(Movies) | Container.Content(Episodes) | Container.Content(MusicVideos)]</visible>
						<visible>ListItem.IsStereoscopic</visible>
					</control>
					<!--watched icon-->
					<control type="image">
						<left>959</left>
						<top>10</top>
						<width>45</width>
						<height>40</height>
						<texture colordiffuse="white">$INFO[ListItem.Overlay]</texture>
						<visible>Window.IsVisible(Videos) + !ListItem.IsResumable</visible>
					</control>
					<!--resumable icon-->
					<control type="image">
						<left>959</left>
						<top>10</top>
						<width>45</width>
						<height>40</height>
						<texture colordiffuse="white">OverlayWatching.png</texture>
						<visible>Window.IsVisible(Videos) + ListItem.IsResumable</visible>
					</control>
				</itemlayout>
				<focusedlayout height="70" width="1004">
					<!--background-->
					<control type="image">
						<left>4</left>
						<top>0</top>
						<width>1000</width>
						<height>60</height>
						<texture colordiffuse="$INFO[Skin.String(color.tertiary)]">backgrounds/white.png</texture>
						<animation effect="fade" start="100" end="75" time="200" condition="Control.HasFocus(60)">Conditional</animation>
					</control>
					<!--background strip-->
					<control type="image">
						<left>0</left>
						<top>0</top>
						<width>4</width>
						<height>60</height>
						<texture colordiffuse="$INFO[Skin.String(color.500)]">backgrounds/white.png</texture>
						<animation effect="fade" start="100" end="75" time="200" condition="Control.HasFocus(60)">Conditional</animation>
					</control>
					<!--main label-->
					<control type="label">
						<left>19</left>
						<top>0</top>
						<width>990</width>
						<height>60</height>
						<font>label</font>
						<textcolor>$INFO[Skin.String(color.text)]</textcolor>
						<selectedcolor>$INFO[Skin.String(color.500)]</selectedcolor>
						<align>left</align>
						<aligny>center</aligny>
						<label>$INFO[ListItem.Label]</label>
					</control>
					<!--secondary label (non videos)-->
					<control type="label">
						<left>385</left>
						<top>0</top>
						<width>600</width>
						<height>60</height>
						<font>secondary.info</font>
						<textcolor>$INFO[Skin.String(color.text)]</textcolor>
						<selectedcolor>$INFO[Skin.String(color.500)]</selectedcolor>
						<align>right</align>
						<aligny>center</aligny>
						<label>$INFO[ListItem.Label2]</label>
						<visible>!Window.IsVisible(Videos)</visible>
					</control>
					<!--secondary label (videos)-->
					<control type="label">
						<left>319</left>
						<top>0</top>
						<width>600</width>
						<height>60</height>
						<font>secondary.info</font>
						<textcolor>$INFO[Skin.String(color.text)]</textcolor>
						<selectedcolor>$INFO[Skin.String(color.500)]</selectedcolor>
						<align>right</align>
						<aligny>center</aligny>
						<label>$INFO[ListItem.Label2]</label>
						<visible>Window.IsVisible(Videos)</visible>
						<animation effect="slide" start="0,0" end="41,0" delay="0" time="0" condition="![Container.Content(Movies) | Container.Content(Episodes) | Container.Content(MusicVideos)]">conditional</animation>
					</control>
					<!--hd/sd flag-->
					<control type="image">
						<left>918</left>
						<top>10</top>
						<width>56</width>
						<height>40</height>
						<texture>$INFO[ListItem.VideoResolution,flagging/lists/,.png]</texture>
						<visible>Window.IsVisible(Videos) + [Container.Content(Movies) | Container.Content(Episodes) | Container.Content(MusicVideos)]</visible>
						<visible>!ListItem.IsStereoscopic</visible>
					</control>
					<!--3d flag-->
					<control type="image">
						<left>918</left>
						<top>20</top>
						<width>56</width>
						<height>40</height>
						<texture>flagging/lists/3D.png</texture>
						<visible>Window.IsVisible(Videos) + [Container.Content(Movies) | Container.Content(Episodes) | Container.Content(MusicVideos)]</visible>
						<visible>ListItem.IsStereoscopic</visible>
					</control>
					<!--watched icon-->
					<control type="image">
						<left>959</left>
						<top>10</top>
						<width>45</width>
						<height>40</height>
						<texture colordiffuse="$INFO[Skin.String(color.500)]">$INFO[ListItem.Overlay]</texture>
						<visible>Window.IsVisible(Videos) + !ListItem.IsResumable</visible>
					</control>
					<!--resumable icon-->
					<control type="image">
						<left>959</left>
						<top>10</top>
						<width>45</width>
						<height>40</height>
						<texture colordiffuse="$INFO[Skin.String(color.500)]">OverlayWatching.png</texture>
						<visible>Window.IsVisible(Videos) + ListItem.IsResumable</visible>
					</control>
				</focusedlayout>
			</control>
			<!--scrollbar-->
			<control type="scrollbar" id="604">
				<left>1014</left>
				<bottom>10</bottom>
				<onleft>504</onleft>
				<onright>2</onright>
				<orientation>vertical</orientation>
				<showonepage>true</showonepage>
				<visible>Control.IsVisible(504)</visible>
			</control>
			<!--movies / tv shows info-->
			<control type="group">
				<left>1031</left>
				<centertop>50%</centertop>
				<height>700</height>
				<visible>Control.IsVisible(504) + [Container.Content(Movies) | Container.Content(TVShows) | Container.Content(Seasons)]</visible>
				<!--background-->
				<control type="image">
					<left>-20</left>
					<top>-20</top>
					<width>550</width>
					<height>730</height>
					<texture background="true" colordiffuse="$INFO[Skin.String(color.tertiary)]">backgrounds/info bg.png</texture>
				</control>
				<!--fanart (fallback)-->
				<control type="image">
					<left>0</left>
					<top>0</top>
					<width>510</width>
					<height>287</height>
					<aspectratio>scale</aspectratio>
					<texture background="true" colordiffuse="$INFO[Skin.String(color.500)]">Fanart_Fallback_Small.png</texture>
					<visible>String.IsEmpty(ListItem.Art(fanart))</visible>
				</control>
				<!--fanart (no fallback)-->
				<control type="image">
					<left>0</left>
					<top>0</top>
					<width>510</width>
					<height>287</height>
					<aspectratio>scale</aspectratio>
					<texture background="true">$INFO[ListItem.Art(fanart)]</texture>
					<bordertexture background="true" colordiffuse="$INFO[Skin.String(color.tertiary)]">backgrounds/white.png</bordertexture>
					<bordersize>0</bordersize>
					<visible>!String.IsEmpty(ListItem.Art(fanart))</visible>
				</control>
				<!--info strip background-->
				<control type="image">
					<left>0</left>
					<top>287</top>
					<width>510</width>
					<height>60</height>
					<texture background="true" colordiffuse="$INFO[Skin.String(color.500)]">backgrounds/white.png</texture>
					<animation effect="slide" start="0,0" end="0,-7" time="0" condition="Container.Content(TVShows) | Container.Content(Seasons)">Conditional</animation>
				</control>
				<!--fanart shadow-->
				<control type="image">
					<left>0</left>
					<top>287</top>
					<width>510</width>
					<height>10</height>
					<texture>homeshadow.png</texture>
					<animation effect="fade" start="100" end="100" time="0" condition="true">Conditional</animation>
					<animation effect="slide" start="0,0" end="0,-7" time="0" condition="Container.Content(TVShows) | Container.Content(Seasons)">Conditional</animation>
				</control>
				<!--secondary label-->
				<control type="label">
					<left>15</left>
					<top>287</top>
					<width>480</width>
					<height>55</height>
					<font>secondary.info.big</font>
					<textcolor>white</textcolor>
					<selectedcolor>white</selectedcolor>
					<align>left</align>
					<aligny>center</aligny>
					<label>$INFO[ListItem.Year]$INFO[ListItem.Duration, • ,]$INFO[ListItem.Genre, • ,]</label>
					<visible>!Container.Content(Seasons)</visible>
					<animation effect="slide" start="0,0" end="0,-7" time="0" condition="Container.Content(TVShows) | Container.Content(Seasons)">Conditional</animation>
				</control>
				<!--secondary label-->
				<control type="label">
					<left>15</left>
					<top>280</top>
					<width>480</width>
					<height>55</height>
					<font>secondary.info.big</font>
					<textcolor>white</textcolor>
					<selectedcolor>white</selectedcolor>
					<align>left</align>
					<aligny>center</aligny>
					<label>$INFO[listitem.episode] $LOCALIZE[20360] ($INFO[ListItem.Property(UnWatchedEpisodes), , $LOCALIZE[16101]])</label>
					<visible>Container.Content(Seasons)</visible>
				</control>
				<!--plot (movies)-->
				<control type="textbox">
					<left>15</left>
					<top>354</top>
					<width>480</width>
					<height>268</height>
					<font>label</font>
					<align>left</align>
					<textcolor>$INFO[Skin.String(color.text)]</textcolor>
					<label>$INFO[ListItem.Plot]</label>
					<visible>Container.Content(Movies)</visible>
					<autoscroll time="2000" delay="5000" repeat="8000">Skin.HasSetting(AutoScroll)</autoscroll>
				</control>
				<!--plot (tv shows)-->
				<control type="textbox">
					<left>15</left>
					<top>342</top>
					<width>480</width>
					<height>338</height>
					<font>label</font>
					<align>left</align>
					<textcolor>$INFO[Skin.String(color.text)]</textcolor>
					<label>$INFO[ListItem.Plot]</label>
					<visible>Container.Content(TVShows)</visible>
					<autoscroll time="2000" delay="5000" repeat="8000">Skin.HasSetting(AutoScroll)</autoscroll>
				</control>
				<!--plot (tv shows)-->
				<control type="textbox">
					<left>15</left>
					<top>342</top>
					<width>480</width>
					<height>338</height>
					<font>label</font>
					<align>left</align>
					<textcolor>$INFO[Skin.String(color.text)]</textcolor>
					<label>$INFO[ListItem.Plot]</label>
					<visible>Container.Content(Seasons)</visible>
					<autoscroll time="2000" delay="5000" repeat="8000">Skin.HasSetting(AutoScroll)</autoscroll>
				</control>
				<!--info strip shadow-->
				<control type="image">
					<left>0</left>
					<top>347</top>
					<width>510</width>
					<height>10</height>
					<texture>homeshadow.png</texture>
					<animation effect="fade" start="100" end="100" time="0" condition="true">Conditional</animation>
					<animation effect="slide" start="0,0" end="0,-7" time="0" condition="Container.Content(TVShows) | Container.Content(Seasons)">Conditional</animation>
				</control>
				<!--audio/video flags-->
				<control type="group">
					<left>10</left>
					<top>640</top>
					<visible>Container.Content(Movies)</visible>
					<include>media.flags.small</include>
					<animation effect="zoom" start="100" end="96" center="10,600" time="0" condition="true">Conditional</animation>
				</control>
			</control>
			<!--episodes info-->
			<control type="group">
				<left>1031</left>
				<centertop>50%</centertop>
				<height>700</height>
				<visible>Control.IsVisible(504) + Container.Content(Episodes)</visible>
				<!--background glow-->
				<control type="image">
					<left>-20</left>
					<top>-20</top>
					<width>550</width>
					<height>730</height>
					<texture background="true" colordiffuse="$INFO[Skin.String(color.tertiary)]">backgrounds/info bg.png</texture>
				</control>
				<!--background-->
				<control type="image">
					<left>0</left>
					<top>0</top>
					<width>510</width>
					<height>690</height>
					<texture background="true" colordiffuse="$INFO[Skin.String(color.tertiary)]">backgrounds/white.png</texture>
				</control>
				<!--thumb (fallback)-->
				<control type="image">
					<left>0</left>
					<top>0</top>
					<width>510</width>
					<height>287</height>
					<aspectratio>scale</aspectratio>
					<texture background="true" colordiffuse="$INFO[Skin.String(color.500)]">$INFO[ListItem.Icon]</texture>
					<visible>!String.Contains(ListItem.Icon,default)</visible>
				</control>
				<!--thumb (no fallback)-->
				<control type="image">
					<left>0</left>
					<top>0</top>
					<width>510</width>
					<height>287</height>
					<aspectratio>scale</aspectratio>
					<texture background="true">$INFO[ListItem.Icon]</texture>
					<bordertexture background="true" colordiffuse="$INFO[Skin.String(color.tertiary)]">backgrounds/white.png</bordertexture>
					<bordersize>0</bordersize>
					<visible>!String.Contains(ListItem.Icon,default)</visible>
				</control>
				<!--info strip background-->
				<control type="image">
					<left>0</left>
					<top>287</top>
					<width>510</width>
					<height>60</height>
					<texture background="true" colordiffuse="$INFO[Skin.String(color.500)]">backgrounds/white.png</texture>
					<animation effect="slide" start="0,0" end="0,-7" time="0" condition="Container.Content(TVShows) | Container.Content(Seasons)">Conditional</animation>
				</control>
				<!--fanart shadow-->
				<control type="image">
					<left>0</left>
					<top>287</top>
					<width>510</width>
					<height>10</height>
					<texture>homeshadow.png</texture>
					<animation effect="fade" start="100" end="100" time="0" condition="true">Conditional</animation>
					<animation effect="slide" start="0,0" end="0,-7" time="0" condition="Container.Content(TVShows) | Container.Content(Seasons)">Conditional</animation>
				</control>
				<!--secondary label-->
				<control type="label">
					<left>15</left>
					<top>287</top>
					<width>480</width>
					<height>55</height>
					<font>secondary.info.big</font>
					<textcolor>white</textcolor>
					<selectedcolor>white</selectedcolor>
					<align>left</align>
					<aligny>center</aligny>
					<label>$INFO[ListItem.Premiered]$INFO[ListItem.Duration, • ,]$INFO[listitem.Season, • S,x]$INFO[listitem.Episode,E,]</label>
				</control>
				<!--plot-->
				<control type="textbox">
					<left>15</left>
					<top>354</top>
					<width>480</width>
					<height>268</height>
					<font>label</font>
					<align>left</align>
					<textcolor>$INFO[Skin.String(color.text)]</textcolor>
					<label>$INFO[ListItem.Plot]</label>
					<autoscroll time="2000" delay="5000" repeat="8000">Skin.HasSetting(AutoScroll)</autoscroll>
				</control>
				<!--info strip shadow-->
				<control type="image">
					<left>0</left>
					<top>347</top>
					<width>510</width>
					<height>10</height>
					<texture>homeshadow.png</texture>
					<animation effect="fade" start="100" end="100" time="0" condition="true">Conditional</animation>
					<animation effect="slide" start="0,0" end="0,-7" time="0" condition="Container.Content(TVShows) | Container.Content(Seasons)">Conditional</animation>
				</control>
				<!--audio/video flags-->
				<control type="group">
					<left>10</left>
					<top>640</top>
					<include>media.flags.small</include>
					<animation effect="zoom" start="100" end="96" center="10,600" time="0" condition="true">Conditional</animation>
				</control>
			</control>
		</control>
	</include>
	<include name="MediaListView3">
		<!--all content-->
		<control type="group">
			<visible>Control.IsVisible(503)</visible>
			<include>VisibleFadeEffect</include>
			<include condition="String.IsEqual(Skin.AspectRatio,4:3)">TallListContainer</include>
			<include condition="!String.IsEqual(Skin.AspectRatio,4:3)">ShortListContainer</include>
			<centerleft>50%</centerleft>
			<width>1829</width>
			<!--content list-->
			<control type="list" id="503">
				<left>480</left>
				<include condition="String.IsEqual(Skin.AspectRatio,4:3)">TallListSlide</include>
				<include condition="!String.IsEqual(Skin.AspectRatio,4:3)">ShortListSlide</include>
				<width>844</width>
				<onleft>2</onleft>
				<onright>603</onright>
				<onup>503</onup>
				<ondown>503</ondown>
				<viewtype label="$LOCALIZE[544] 2">list</viewtype>
				<pagecontrol>603</pagecontrol>
				<scrolltime>200</scrolltime>
				<visible>Container.Content(TVShows) | Container.Content(Seasons) | Container.Content(Episodes) | Container.Content(Movies)</visible>
				<itemlayout height="70" width="1004">
					<!--background-->
					<control type="image">
						<left>4</left>
						<top>0</top>
						<width>1000</width>
						<height>60</height>
						<texture colordiffuse="button.nf">backgrounds/white.png</texture>
					</control>
					<!--main label-->
					<control type="label">
						<left>19</left>
						<top>0</top>
						<width>990</width>
						<height>60</height>
						<font>label</font>
						<textcolor>white</textcolor>
						<selectedcolor>$INFO[Skin.String(color.500)]</selectedcolor>
						<align>left</align>
						<aligny>center</aligny>
						<label>$INFO[ListItem.Label]</label>
					</control>
					<!--secondary label (non videos)-->
					<control type="label">
						<left>225</left>
						<top>0</top>
						<width>600</width>
						<height>60</height>
						<font>secondary.info</font>
						<textcolor>white</textcolor>
						<selectedcolor>$INFO[Skin.String(color.500)]</selectedcolor>
						<align>right</align>
						<aligny>center</aligny>
						<label>$INFO[ListItem.Label2]</label>
						<visible>!Window.IsVisible(Videos)</visible>
					</control>
					<!--secondary label (videos)-->
					<control type="label">
						<left>159</left>
						<top>0</top>
						<width>600</width>
						<height>60</height>
						<font>secondary.info</font>
						<textcolor>white</textcolor>
						<selectedcolor>$INFO[Skin.String(color.500)]</selectedcolor>
						<align>right</align>
						<aligny>center</aligny>
						<label>$INFO[ListItem.Label2]</label>
						<visible>Window.IsVisible(Videos)</visible>
						<animation effect="slide" start="0,0" end="41,0" delay="0" time="0" condition="![Container.Content(Movies) | Container.Content(Episodes) | Container.Content(MusicVideos)]">conditional</animation>
					</control>
					<!--hd/sd flag-->
					<control type="image">
						<left>758</left>
						<top>10</top>
						<width>56</width>
						<height>40</height>
						<texture>$INFO[ListItem.VideoResolution,flagging/lists/,.png]</texture>
						<visible>Window.IsVisible(Videos) + [Container.Content(Movies) | Container.Content(Episodes) | Container.Content(MusicVideos)]</visible>
						<visible>!ListItem.IsStereoscopic</visible>
					</control>
					<!--3d flag-->
					<control type="image">
						<left>758</left>
						<top>20</top>
						<width>56</width>
						<height>40</height>
						<texture>flagging/lists/3D.png</texture>
						<visible>Window.IsVisible(Videos) + [Container.Content(Movies) | Container.Content(Episodes) | Container.Content(MusicVideos)]</visible>
						<visible>ListItem.IsStereoscopic</visible>
					</control>
					<!--watched icon-->
					<control type="image">
						<left>799</left>
						<top>10</top>
						<width>45</width>
						<height>40</height>
						<texture colordiffuse="white">$INFO[ListItem.Overlay]</texture>
						<visible>Window.IsVisible(Videos) + !ListItem.IsResumable</visible>
					</control>
					<!--resumable icon-->
					<control type="image">
						<left>799</left>
						<top>10</top>
						<width>45</width>
						<height>40</height>
						<texture colordiffuse="white">OverlayWatching.png</texture>
						<visible>Window.IsVisible(Videos) + ListItem.IsResumable</visible>
					</control>
				</itemlayout>
				<focusedlayout height="70" width="1004">
					<!--background-->
					<control type="image">
						<left>4</left>
						<top>0</top>
						<width>850</width>
						<height>60</height>
						<texture colordiffuse="$INFO[Skin.String(color.tertiary)]">backgrounds/white.png</texture>
						<animation effect="fade" start="100" end="75" time="200" condition="Control.HasFocus(60)">Conditional</animation>
					</control>
					<!--background strip-->
					<control type="image">
						<left>0</left>
						<top>0</top>
						<width>4</width>
						<height>60</height>
						<texture colordiffuse="$INFO[Skin.String(color.500)]">backgrounds/white.png</texture>
						<animation effect="fade" start="100" end="75" time="200" condition="Control.HasFocus(60)">Conditional</animation>
					</control>
					<!--main label-->
					<control type="label">
						<left>19</left>
						<top>0</top>
						<width>990</width>
						<height>60</height>
						<font>label</font>
						<textcolor>$INFO[Skin.String(color.text)]</textcolor>
						<selectedcolor>$INFO[Skin.String(color.500)]</selectedcolor>
						<align>left</align>
						<aligny>center</aligny>
						<label>$INFO[ListItem.Label]</label>
					</control>
					<!--secondary label (non videos)-->
					<control type="label">
						<left>225</left>
						<top>0</top>
						<width>600</width>
						<height>60</height>
						<font>secondary.info</font>
						<textcolor>$INFO[Skin.String(color.text)]</textcolor>
						<selectedcolor>$INFO[Skin.String(color.500)]</selectedcolor>
						<align>right</align>
						<aligny>center</aligny>
						<label>$INFO[ListItem.Label2]</label>
						<visible>!Window.IsVisible(Videos)</visible>
					</control>
					<!--secondary label (videos)-->
					<control type="label">
						<left>159</left>
						<top>0</top>
						<width>600</width>
						<height>60</height>
						<font>secondary.info</font>
						<textcolor>$INFO[Skin.String(color.text)]</textcolor>
						<selectedcolor>$INFO[Skin.String(color.500)]</selectedcolor>
						<align>right</align>
						<aligny>center</aligny>
						<label>$INFO[ListItem.Label2]</label>
						<visible>Window.IsVisible(Videos)</visible>
						<animation effect="slide" start="0,0" end="41,0" delay="0" time="0" condition="![Container.Content(Movies) | Container.Content(Episodes) | Container.Content(MusicVideos)]">conditional</animation>
					</control>
					<!--hd/sd flag-->
					<control type="image">
						<left>758</left>
						<top>10</top>
						<width>56</width>
						<height>40</height>
						<texture>$INFO[ListItem.VideoResolution,flagging/lists/,.png]</texture>
						<visible>Window.IsVisible(Videos) + [Container.Content(Movies) | Container.Content(Episodes) | Container.Content(MusicVideos)]</visible>
						<visible>!ListItem.IsStereoscopic</visible>
					</control>
					<!--3d flag-->
					<control type="image">
						<left>758</left>
						<top>20</top>
						<width>56</width>
						<height>40</height>
						<texture>flagging/lists/3D.png</texture>
						<visible>Window.IsVisible(Videos) + [Container.Content(Movies) | Container.Content(Episodes) | Container.Content(MusicVideos)]</visible>
						<visible>ListItem.IsStereoscopic</visible>
					</control>
					<!--watched icon-->
					<control type="image">
						<left>799</left>
						<top>10</top>
						<width>45</width>
						<height>40</height>
						<texture colordiffuse="$INFO[Skin.String(color.500)]">$INFO[ListItem.Overlay]</texture>
						<visible>Window.IsVisible(Videos) + !ListItem.IsResumable</visible>
					</control>
					<!--resumable icon-->
					<control type="image">
						<left>799</left>
						<top>10</top>
						<width>45</width>
						<height>40</height>
						<texture colordiffuse="$INFO[Skin.String(color.500)]">OverlayWatching.png</texture>
						<visible>Window.IsVisible(Videos) + ListItem.IsResumable</visible>
					</control>
				</focusedlayout>
			</control>
			<!--scrollbar-->
			<control type="scrollbar" id="603">
				<left>1334</left>
				<bottom>10</bottom>
				<onleft>503</onleft>
				<onright>2</onright>
				<orientation>vertical</orientation>
				<showonepage>true</showonepage>
				<visible>Control.IsVisible(503)</visible>
			</control>
			<!--tv shows info-->
			<control type="group">
				<left>881</left>
				<centertop>50%</centertop>
				<height>700</height>
				<visible>Container.Content(TVShows)</visible>
				<!--poster-->
				<control type="group">
					<!--poster bg (fallback)-->
					<control type="image">
						<left>-881</left>
						<top>-10</top>
						<width>480</width>
						<height>710</height>
						<texture background="true" colordiffuse="$INFO[Skin.String(color.tertiary)]">backgrounds/white.png</texture>
						<bordertexture>backgrounds/poster shadow.png</bordertexture>
						<bordersize>10</bordersize>
						<visible>String.Contains(ListItem.Icon,Default)</visible>
					</control>
					<!--poster (fallback)-->
					<control type="image">
						<left>-871</left>
						<top>0</top>
						<width>460</width>
						<height>690</height>
						<aspectratio aligny="center">keep</aspectratio>
						<texture colordiffuse="$INFO[Skin.String(color.500)]" background="true">$INFO[ListItem.Icon]</texture>
						<visible>String.Contains(ListItem.Icon,Default)</visible>
					</control>
					<!--poster-->
					<control type="image">
						<left>-881</left>
						<top>-10</top>
						<width>480</width>
						<height>710</height>
						<aspectratio aligny="top">stretch</aspectratio>
						<texture background="true">$VAR[PosterThumb]</texture>
						<bordertexture>backgrounds/poster shadow.png</bordertexture>
						<bordersize>10</bordersize>
						<visible>!String.Contains(ListItem.Icon,Default)</visible>
					</control>
				</control>
				<!--info-->
				<control type="group">
					<left>0</left>
					<!--background glow-->
					<control type="image">
						<left>452</left>
						<top>-20</top>
						<width>496</width>
						<height>730</height>
						<texture background="true" colordiffuse="$INFO[Skin.String(color.tertiary)]">backgrounds/info bg.png</texture>
					</control>
					<!--info strip background-->
					<control type="image">
						<left>470</left>
						<top>0</top>
						<width>460</width>
						<height>130</height>
						<texture background="true" colordiffuse="$INFO[Skin.String(color.500)]">backgrounds/white.png</texture>
					</control>
					<!--secondary label-->
					<control type="label">
						<left>485</left>
						<top>2</top>
						<width>430</width>
						<height>55</height>
						<font>secondary.info.big</font>
						<textcolor>white</textcolor>
						<selectedcolor>white</selectedcolor>
						<align>left</align>
						<aligny>center</aligny>
						<label>$INFO[ListItem.Premiered]</label>
					</control>
					<!--secondary label-->
					<control type="label">
						<left>485</left>
						<top>37</top>
						<width>430</width>
						<height>55</height>
						<font>secondary.info.big</font>
						<textcolor>white</textcolor>
						<selectedcolor>white</selectedcolor>
						<align>left</align>
						<aligny>center</aligny>
						<label>$INFO[ListItem.Genre]</label>
					</control>
					<!--secondary label-->
					<control type="label">
						<left>485</left>
						<top>72</top>
						<width>430</width>
						<height>55</height>
						<font>secondary.info.big</font>
						<textcolor>white</textcolor>
						<selectedcolor>white</selectedcolor>
						<align>left</align>
						<aligny>center</aligny>
						<label>$INFO[listitem.episode] $LOCALIZE[20360] ($INFO[ListItem.Property(UnWatchedEpisodes), , $LOCALIZE[16101]])</label>
					</control>
					<!--plot-->
					<control type="textbox">
						<left>485</left>
						<top>139</top>
						<width>430</width>
						<height>533</height>
						<font>label</font>
						<align>left</align>
						<textcolor>$INFO[Skin.String(color.text)]</textcolor>
						<label>$INFO[ListItem.Plot]</label>
						<autoscroll time="2000" delay="15000" repeat="10000">Skin.HasSetting(AutoScroll)</autoscroll>
					</control>
					<!--info strip shadow-->
					<control type="image">
						<left>470</left>
						<top>130</top>
						<width>460</width>
						<height>10</height>
						<texture>homeshadow.png</texture>
					</control>
				</control>
			</control>
			<!--episodes info-->
			<control type="group">
				<left>881</left>
				<centertop>50%</centertop>
				<height>700</height>
				<visible>Container.Content(Episodes)</visible>
				<!--poster-->
				<control type="group">
					<centertop>50%</centertop>
					<height>355</height>
					<!--poster bg (fallback)-->
					<control type="image">
						<left>-881</left>
						<top>-10</top>
						<width>480</width>
						<height>365</height>
						<texture background="true" colordiffuse="$INFO[Skin.String(color.tertiary)]">backgrounds/white.png</texture>
						<bordertexture>backgrounds/episode shadow.png</bordertexture>
						<bordersize>10</bordersize>
						<visible>String.Contains(ListItem.Icon,Default)</visible>
					</control>
					<!--poster (fallback)-->
					<control type="image">
						<left>-871</left>
						<top>0</top>
						<width>460</width>
						<height>345</height>
						<aspectratio aligny="center">keep</aspectratio>
						<texture colordiffuse="$INFO[Skin.String(color.500)]" background="true">$INFO[ListItem.Icon]</texture>
						<visible>String.Contains(ListItem.Icon,Default)</visible>
					</control>
					<!--poster-->
					<control type="image">
						<left>-881</left>
						<top>-10</top>
						<width>480</width>
						<height>365</height>
						<aspectratio aligny="top">keep</aspectratio>
						<texture background="true">$VAR[PosterThumb]</texture>
						<bordertexture>backgrounds/episode shadow.png</bordertexture>
						<bordersize>10</bordersize>
						<visible>!String.Contains(ListItem.Icon,Default)</visible>
					</control>
				</control>
				<!--info-->
				<control type="group">
					<left>0</left>
					<!--background glow-->
					<control type="image">
						<left>452</left>
						<top>-20</top>
						<width>496</width>
						<height>730</height>
						<texture background="true" colordiffuse="$INFO[Skin.String(color.tertiary)]">backgrounds/info bg.png</texture>
					</control>
					<!--info strip background-->
					<control type="image">
						<left>470</left>
						<top>0</top>
						<width>460</width>
						<height>130</height>
						<texture background="true" colordiffuse="$INFO[Skin.String(color.500)]">backgrounds/white.png</texture>
					</control>
					<!--secondary label-->
					<control type="label">
						<left>485</left>
						<top>2</top>
						<width>430</width>
						<height>55</height>
						<font>secondary.info.big</font>
						<textcolor>white</textcolor>
						<selectedcolor>white</selectedcolor>
						<align>left</align>
						<aligny>center</aligny>
						<label>$INFO[ListItem.Premiered]</label>
					</control>
					<!--secondary label-->
					<control type="label">
						<left>485</left>
						<top>37</top>
						<width>430</width>
						<height>55</height>
						<font>secondary.info.big</font>
						<textcolor>white</textcolor>
						<selectedcolor>white</selectedcolor>
						<align>left</align>
						<aligny>center</aligny>
						<label>$LOCALIZE[20373] $INFO[ListItem.Season] / $LOCALIZE[20359] $INFO[ListItem.Episode]</label>
					</control>
					<!--secondary label-->
					<control type="label">
						<left>485</left>
						<top>72</top>
						<width>430</width>
						<height>55</height>
						<font>secondary.info.big</font>
						<textcolor>white</textcolor>
						<selectedcolor>white</selectedcolor>
						<align>left</align>
						<aligny>center</aligny>
						<label>$INFO[ListItem.Duration]</label>
					</control>
					<!--plot-->
					<control type="textbox">
						<left>485</left>
						<top>134</top>
						<width>430</width>
						<height>498</height>
						<font>label</font>
						<align>left</align>
						<textcolor>$INFO[Skin.String(color.text)]</textcolor>
						<label>$INFO[ListItem.Plot]</label>
						<autoscroll time="2000" delay="15000" repeat="10000">Skin.HasSetting(AutoScroll)</autoscroll>
					</control>
					<!--info strip shadow-->
					<control type="image">
						<left>470</left>
						<top>130</top>
						<width>460</width>
						<height>10</height>
						<texture>homeshadow.png</texture>
					</control>
				</control>
			</control>
			<!--seasons info-->
			<control type="group">
				<left>881</left>
				<centertop>50%</centertop>
				<height>700</height>
				<visible>Container.Content(Seasons)</visible>
				<!--poster-->
				<control type="group">
					<!--poster bg (fallback)-->
					<control type="image">
						<left>-881</left>
						<top>-10</top>
						<width>480</width>
						<height>710</height>
						<texture background="true" colordiffuse="$INFO[Skin.String(color.tertiary)]">backgrounds/white.png</texture>
						<bordertexture>backgrounds/poster shadow.png</bordertexture>
						<bordersize>10</bordersize>
						<visible>String.Contains(ListItem.Icon,Default)</visible>
					</control>
					<!--poster (fallback)-->
					<control type="image">
						<left>-871</left>
						<top>0</top>
						<width>460</width>
						<height>690</height>
						<aspectratio aligny="center">keep</aspectratio>
						<texture colordiffuse="$INFO[Skin.String(color.500)]" background="true">$INFO[ListItem.Icon]</texture>
						<visible>String.Contains(ListItem.Icon,Default)</visible>
					</control>
					<!--poster-->
					<control type="image">
						<left>-881</left>
						<top>-10</top>
						<width>480</width>
						<height>710</height>
						<aspectratio aligny="top">stretch</aspectratio>
						<texture background="true">$INFO[ListItem.Icon]</texture>
						<bordertexture>backgrounds/poster shadow.png</bordertexture>
						<bordersize>10</bordersize>
						<visible>!String.Contains(ListItem.Icon,Default)</visible>
					</control>
				</control>
				<!--info-->
				<control type="group">
					<left>0</left>
					<!--background glow-->
					<control type="image">
						<left>452</left>
						<top>-20</top>
						<width>496</width>
						<height>730</height>
						<texture background="true" colordiffuse="$INFO[Skin.String(color.tertiary)]">backgrounds/info bg.png</texture>
					</control>
					<!--info strip background-->
					<control type="image">
						<left>470</left>
						<top>0</top>
						<width>460</width>
						<height>60</height>
						<texture background="true" colordiffuse="$INFO[Skin.String(color.500)]">backgrounds/white.png</texture>
					</control>
					<!--secondary label-->
					<control type="label">
						<left>485</left>
						<top>2</top>
						<width>430</width>
						<height>55</height>
						<font>secondary.info.big</font>
						<textcolor>white</textcolor>
						<selectedcolor>white</selectedcolor>
						<align>left</align>
						<aligny>center</aligny>
						<label>$INFO[listitem.episode] $LOCALIZE[20360] ($INFO[ListItem.Property(UnWatchedEpisodes), , $LOCALIZE[16101]])</label>
					</control>
					<!--plot-->
					<control type="textbox">
						<left>485</left>
						<top>72</top>
						<width>430</width>
						<height>593</height>
						<font>label</font>
						<align>left</align>
						<textcolor>$INFO[Skin.String(color.text)]</textcolor>
						<label>$INFO[ListItem.Plot]</label>
						<autoscroll time="2000" delay="15000" repeat="10000">Skin.HasSetting(AutoScroll)</autoscroll>
					</control>
					<!--info strip shadow-->
					<control type="image">
						<left>470</left>
						<top>60</top>
						<width>460</width>
						<height>10</height>
						<texture>homeshadow.png</texture>
					</control>
				</control>
			</control>
			<!--movies info-->
			<control type="group">
				<left>881</left>
				<centertop>50%</centertop>
				<height>700</height>
				<visible>Container.Content(Movies)</visible>
				<!--poster-->
				<control type="group">
					<!--poster bg (fallback)-->
					<control type="image">
						<left>-881</left>
						<top>-10</top>
						<width>480</width>
						<height>710</height>
						<texture background="true" colordiffuse="$INFO[Skin.String(color.tertiary)]">backgrounds/white.png</texture>
						<bordertexture>backgrounds/poster shadow.png</bordertexture>
						<bordersize>10</bordersize>
						<visible>String.Contains(ListItem.Icon,Default)</visible>
					</control>
					<!--poster (fallback)-->
					<control type="image">
						<left>-871</left>
						<top>0</top>
						<width>460</width>
						<height>690</height>
						<aspectratio aligny="center">keep</aspectratio>
						<texture colordiffuse="$INFO[Skin.String(color.500)]" background="true">$INFO[ListItem.Icon]</texture>
						<visible>String.Contains(ListItem.Icon,Default)</visible>
					</control>
					<!--poster-->
					<control type="image">
						<left>-881</left>
						<top>-10</top>
						<width>480</width>
						<height>710</height>
						<aspectratio aligny="top">stretch</aspectratio>
						<texture background="true">$VAR[PosterThumb]</texture>
						<bordertexture>backgrounds/poster shadow.png</bordertexture>
						<bordersize>10</bordersize>
						<visible>!String.Contains(ListItem.Icon,Default)</visible>
					</control>
				</control>
				<!--info-->
				<control type="group">
					<left>0</left>
					<!--background glow-->
					<control type="image">
						<left>452</left>
						<top>-20</top>
						<width>496</width>
						<height>730</height>
						<texture background="true" colordiffuse="$INFO[Skin.String(color.tertiary)]">backgrounds/info bg.png</texture>
					</control>
					<!--info strip background-->
					<control type="image">
						<left>470</left>
						<top>0</top>
						<width>460</width>
						<height>130</height>
						<texture background="true" colordiffuse="$INFO[Skin.String(color.500)]">backgrounds/white.png</texture>
					</control>
					<!--secondary label-->
					<control type="label">
						<left>485</left>
						<top>2</top>
						<width>430</width>
						<height>55</height>
						<font>secondary.info.big</font>
						<textcolor>white</textcolor>
						<selectedcolor>white</selectedcolor>
						<align>left</align>
						<aligny>center</aligny>
						<label>$INFO[ListItem.Year]</label>
					</control>
					<!--secondary label-->
					<control type="label">
						<left>485</left>
						<top>37</top>
						<width>430</width>
						<height>55</height>
						<font>secondary.info.big</font>
						<textcolor>white</textcolor>
						<selectedcolor>white</selectedcolor>
						<align>left</align>
						<aligny>center</aligny>
						<label>$INFO[ListItem.Duration]</label>
					</control>
					<!--secondary label-->
					<control type="label">
						<left>485</left>
						<top>72</top>
						<width>430</width>
						<height>55</height>
						<font>secondary.info.big</font>
						<textcolor>white</textcolor>
						<selectedcolor>white</selectedcolor>
						<align>left</align>
						<aligny>center</aligny>
						<label>$INFO[ListItem.Genre]</label>
					</control>
					<!--plot (movies)-->
					<control type="textbox">
						<left>485</left>
						<top>134</top>
						<width>430</width>
						<height>498</height>
						<font>label</font>
						<align>left</align>
						<textcolor>$INFO[Skin.String(color.text)]</textcolor>
						<label>$INFO[ListItem.Plot]</label>
						<autoscroll time="2000" delay="15000" repeat="10000">Skin.HasSetting(AutoScroll)</autoscroll>
					</control>
					<!--info strip shadow-->
					<control type="image">
						<left>470</left>
						<top>130</top>
						<width>460</width>
						<height>10</height>
						<texture>homeshadow.png</texture>
					</control>
					<!--audio/video flags-->
					<control type="group">
						<left>485</left>
						<top>650</top>
						<visible>Container.Content(Movies)</visible>
						<include>media.flags.small</include>
						<animation effect="zoom" start="100" end="84" center="485,600" time="0" condition="true">Conditional</animation>
					</control>
				</control>
			</control>
		</control>
	</include>
	<include name="MediaListView4">
		<!-- allcontent-->
		<control type="group">
			<visible>Control.IsVisible(515)</visible>
			<include>VisibleFadeEffect</include>
			<include condition="String.IsEqual(Skin.AspectRatio,4:3)">TallListContainer</include>
			<include condition="!String.IsEqual(Skin.AspectRatio,4:3)">ShortListContainer</include>
			<centerleft>50%</centerleft>
			<width>1820</width>
			<!--content list-->
			<control type="list" id="515">
				<include condition="String.IsEqual(Skin.AspectRatio,4:3)">TallListSlide</include>
				<include condition="!String.IsEqual(Skin.AspectRatio,4:3)">ShortListSlide</include>
				<width>789</width>
				<onleft>2</onleft>
				<onright>615</onright>
				<onup>515</onup>
				<ondown>515</ondown>
				<viewtype label="$LOCALIZE[544] 3">list</viewtype>
				<pagecontrol>615</pagecontrol>
				<scrolltime>200</scrolltime>
				<visible>Container.Content(TVShows) | Container.Content(Movies) | Container.Content(Episodes) | Container.Content(Seasons)</visible>
				<itemlayout height="70" width="518">
					<!--background-->
					<control type="image">
						<left>4</left>
						<top>0</top>
						<width>1000</width>
						<height>60</height>
						<texture colordiffuse="button.nf">backgrounds/white.png</texture>
					</control>
					<!--main label-->
					<control type="label">
						<left>19</left>
						<top>0</top>
						<width>675</width>
						<height>60</height>
						<font>label</font>
						<textcolor>white</textcolor>
						<selectedcolor>$INFO[Skin.String(color.500)]</selectedcolor>
						<align>left</align>
						<aligny>center</aligny>
						<label>$INFO[ListItem.Label]</label>
					</control>
					<!--secondary label (non videos)-->
					<control type="label">
						<left>170</left>
						<top>0</top>
						<width>600</width>
						<height>60</height>
						<font>secondary.info</font>
						<textcolor>white</textcolor>
						<selectedcolor>$INFO[Skin.String(color.500)]</selectedcolor>
						<align>right</align>
						<aligny>center</aligny>
						<label>$INFO[ListItem.Label2]</label>
						<visible>!Window.IsVisible(Videos)</visible>
					</control>
					<!--secondary label (videos)-->
					<control type="label">
						<left>104</left>
						<top>0</top>
						<width>600</width>
						<height>60</height>
						<font>secondary.info</font>
						<textcolor>white</textcolor>
						<selectedcolor>$INFO[Skin.String(color.500)]</selectedcolor>
						<align>right</align>
						<aligny>center</aligny>
						<label>$INFO[ListItem.Label2]</label>
						<visible>Window.IsVisible(Videos)</visible>
						<animation effect="slide" start="0,0" end="41,0" delay="0" time="0" condition="![Container.Content(Movies) | Container.Content(Episodes) | Container.Content(MusicVideos)]">conditional</animation>
					</control>
					<!--hd/sd flag-->
					<control type="image">
						<left>703</left>
						<top>10</top>
						<width>56</width>
						<height>40</height>
						<texture>$INFO[ListItem.VideoResolution,flagging/lists/,.png]</texture>
						<visible>Window.IsVisible(Videos) + [Container.Content(Movies) | Container.Content(Episodes) | Container.Content(MusicVideos)]</visible>
						<visible>!ListItem.IsStereoscopic</visible>
					</control>
					<!--3d flag-->
					<control type="image">
						<left>703</left>
						<top>20</top>
						<width>56</width>
						<height>40</height>
						<texture>flagging/lists/3D.png</texture>
						<visible>Window.IsVisible(Videos) + [Container.Content(Movies) | Container.Content(Episodes) | Container.Content(MusicVideos)]</visible>
						<visible>ListItem.IsStereoscopic</visible>
					</control>
					<!--watched icon-->
					<control type="image">
						<left>744</left>
						<top>10</top>
						<width>45</width>
						<height>40</height>
						<texture colordiffuse="white">$INFO[ListItem.Overlay]</texture>
						<visible>Window.IsVisible(Videos) + !ListItem.IsResumable</visible>
					</control>
					<!--resumable icon-->
					<control type="image">
						<left>744</left>
						<top>10</top>
						<width>45</width>
						<height>40</height>
						<texture colordiffuse="white">OverlayWatching.png</texture>
						<visible>Window.IsVisible(Videos) + ListItem.IsResumable</visible>
					</control>
				</itemlayout>
				<focusedlayout height="70" width="518">
					<!--background-->
					<control type="image">
						<left>4</left>
						<top>0</top>
						<width>1000</width>
						<height>60</height>
						<texture colordiffuse="$INFO[Skin.String(color.tertiary)]">backgrounds/white.png</texture>
						<animation effect="fade" start="100" end="75" time="200" condition="Control.HasFocus(60)">Conditional</animation>
					</control>
					<!--background strip-->
					<control type="image">
						<left>0</left>
						<top>0</top>
						<width>4</width>
						<height>60</height>
						<texture colordiffuse="$INFO[Skin.String(color.500)]">backgrounds/white.png</texture>
						<animation effect="fade" start="100" end="75" time="200" condition="Control.HasFocus(60)">Conditional</animation>
					</control>
					<!--main label-->
					<control type="label">
						<left>19</left>
						<top>0</top>
						<width>990</width>
						<height>60</height>
						<font>label</font>
						<textcolor>$INFO[Skin.String(color.text)]</textcolor>
						<selectedcolor>$INFO[Skin.String(color.500)]</selectedcolor>
						<align>left</align>
						<aligny>center</aligny>
						<label>$INFO[ListItem.Label]</label>
					</control>
					<!--secondary label (non videos)-->
					<control type="label">
						<left>170</left>
						<top>0</top>
						<width>600</width>
						<height>60</height>
						<font>secondary.info</font>
						<textcolor>$INFO[Skin.String(color.text)]</textcolor>
						<selectedcolor>$INFO[Skin.String(color.500)]</selectedcolor>
						<align>right</align>
						<aligny>center</aligny>
						<label>$INFO[ListItem.Label2]</label>
						<visible>!Window.IsVisible(Videos)</visible>
					</control>
					<!--secondary label (videos)-->
					<control type="label">
						<left>104</left>
						<top>0</top>
						<width>600</width>
						<height>60</height>
						<font>secondary.info</font>
						<textcolor>$INFO[Skin.String(color.text)]</textcolor>
						<selectedcolor>$INFO[Skin.String(color.500)]</selectedcolor>
						<align>right</align>
						<aligny>center</aligny>
						<label>$INFO[ListItem.Label2]</label>
						<visible>Window.IsVisible(Videos)</visible>
						<animation effect="slide" start="0,0" end="41,0" delay="0" time="0" condition="![Container.Content(Movies) | Container.Content(Episodes) | Container.Content(MusicVideos)]">conditional</animation>
					</control>
					<!--hd/sd flag-->
					<control type="image">
						<left>703</left>
						<top>10</top>
						<width>56</width>
						<height>40</height>
						<texture>$INFO[ListItem.VideoResolution,flagging/lists/,.png]</texture>
						<visible>Window.IsVisible(Videos) + [Container.Content(Movies) | Container.Content(Episodes) | Container.Content(MusicVideos)]</visible>
						<visible>!ListItem.IsStereoscopic</visible>
					</control>
					<!--3d flag-->
					<control type="image">
						<left>703</left>
						<top>20</top>
						<width>56</width>
						<height>40</height>
						<texture>flagging/lists/3D.png</texture>
						<visible>Window.IsVisible(Videos) + [Container.Content(Movies) | Container.Content(Episodes) | Container.Content(MusicVideos)]</visible>
						<visible>ListItem.IsStereoscopic</visible>
					</control>
					<!--watched icon-->
					<control type="image">
						<left>744</left>
						<top>10</top>
						<width>45</width>
						<height>40</height>
						<texture colordiffuse="$INFO[Skin.String(color.500)]">$INFO[ListItem.Overlay]</texture>
						<visible>Window.IsVisible(Videos) + !ListItem.IsResumable</visible>
					</control>
					<!--resumable icon-->
					<control type="image">
						<left>744</left>
						<top>10</top>
						<width>45</width>
						<height>40</height>
						<texture colordiffuse="$INFO[Skin.String(color.500)]">OverlayWatching.png</texture>
						<visible>Window.IsVisible(Videos) + ListItem.IsResumable</visible>
					</control>
				</focusedlayout>
			</control>
			<!--scrollbar-->
			<control type="scrollbar" id="615">
				<left>799</left>
				<bottom>10</bottom>
				<onleft>515</onleft>
				<onright>2</onright>
				<orientation>vertical</orientation>
				<showonepage>true</showonepage>
				<visible>Control.IsVisible(515)</visible>
			</control>
			<!--movie info-->
			<control type="group">
				<left>816</left>
				<centertop>50%</centertop>
				<height>700</height>
				<visible>Container.Content(Movies)</visible>
				<!--background-->
				<control type="image">
					<left>-10</left>
					<top>-10</top>
					<width>1004</width>
					<height>710</height>
					<texture background="true" colordiffuse="$INFO[Skin.String(color.tertiary)]">backgrounds/media info 3 bg.png</texture>
				</control>
				<!--fanart (fallback)-->
				<control type="image">
					<left>2</left>
					<top>2</top>
					<width>711</width>
					<height>400</height>
					<aspectratio scalediffuse="false">scale</aspectratio>
					<texture colordiffuse="$INFO[Skin.String(color.500)]" background="true">$INFO[ListItem.Art(fanart)]</texture>
					<visible>String.IsEmpty(ListItem.Art(fanart))</visible>
				</control>
				<!--fanart (no fallback)-->
				<control type="image">
					<left>0</left>
					<top>0</top>
					<width>715</width>
					<height>402</height>
					<aspectratio scalediffuse="false">scale</aspectratio>
					<texture background="true">$INFO[ListItem.Art(fanart)]</texture>
				</control>
				<!--thumb (fallback)-->
				<control type="image">
					<left>715</left>
					<top>2</top>
					<width>267</width>
					<height>400</height>
					<aspectratio>keep</aspectratio>
					<texture colordiffuse="$INFO[Skin.String(color.500)]" background="true">$VAR[PosterThumb]</texture>
					<visible>String.Contains(ListItem.Icon,Default)</visible>
				</control>
				<!--thumb (no fallback)-->
				<control type="image">
					<left>715</left>
					<top>0</top>
					<width>269</width>
					<height>402</height>
					<aspectratio align="left" aligny="bottom">stretch</aspectratio>
					<texture background="true">$VAR[PosterThumb]</texture>
					<visible>!String.Contains(ListItem.Icon,Default)</visible>
				</control>
				<!--info strip background-->
				<control type="image">
					<left>0</left>
					<top>402</top>
					<width>984</width>
					<height>60</height>
					<texture background="true" colordiffuse="$INFO[Skin.String(color.500)]">backgrounds/white.png</texture>
				</control>
				<!--fanart shadow-->
				<control type="image">
					<left>0</left>
					<top>402</top>
					<width>984</width>
					<height>10</height>
					<texture>homeshadow.png</texture>
					<animation effect="fade" start="100" end="100" time="0" condition="true">Conditional</animation>
				</control>
				<!--secondary label-->
				<control type="label">
					<left>15</left>
					<top>402</top>
					<width>954</width>
					<height>55</height>
					<font>secondary.info.big</font>
					<textcolor>white</textcolor>
					<selectedcolor>white</selectedcolor>
					<align>left</align>
					<aligny>center</aligny>
					<label>$INFO[ListItem.Year]$INFO[ListItem.Duration, • ,]$INFO[ListItem.Genre, • ,]</label>
					<visible>!Container.Content(Seasons)</visible>
				</control>
				<!--plot (movies)-->
				<control type="textbox">
					<left>15</left>
					<top>465</top>
					<width>954</width>
					<height>168</height>
					<font>label</font>
					<align>left</align>
					<textcolor>$INFO[Skin.String(color.text)]</textcolor>
					<label>$INFO[ListItem.Plot]</label>
					<autoscroll time="3000" delay="10000" repeat="10000">Skin.HasSetting(AutoScroll)</autoscroll>
				</control>
				<!--info strip shadow-->
				<control type="image">
					<left>0</left>
					<top>462</top>
					<width>984</width>
					<height>10</height>
					<texture>homeshadow.png</texture>
					<animation effect="fade" start="100" end="100" time="0" condition="true">Conditional</animation>
				</control>
				<!--audio/video flags-->
				<control type="group">
					<left>10</left>
					<top>650</top>
					<include>media.flags.small</include>
					<animation effect="zoom" start="100" end="90" center="10,600" time="0" condition="true">Conditional</animation>
				</control>
			</control>
			<!--tv show info-->
			<control type="group">
				<left>816</left>
				<centertop>50%</centertop>
				<height>700</height>
				<visible>Container.Content(TVShows)</visible>
				<!--background-->
				<control type="image">
					<left>-10</left>
					<top>-10</top>
					<width>1004</width>
					<height>710</height>
					<texture background="true" colordiffuse="$INFO[Skin.String(color.tertiary)]">backgrounds/media info 3 bg.png</texture>
				</control>
				<!--fanart (fallback)-->
				<control type="image">
					<left>2</left>
					<top>2</top>
					<width>711</width>
					<height>400</height>
					<aspectratio scalediffuse="false">scale</aspectratio>
					<texture colordiffuse="$INFO[Skin.String(color.500)]" background="true">$INFO[ListItem.Art(fanart)]</texture>
					<visible>String.IsEmpty(ListItem.Art(fanart))</visible>
				</control>
				<!--fanart (no fallback)-->
				<control type="image">
					<left>0</left>
					<top>0</top>
					<width>715</width>
					<height>402</height>
					<aspectratio scalediffuse="false">scale</aspectratio>
					<texture background="true">$INFO[ListItem.Art(fanart)]</texture>
				</control>
				<!--thumb (fallback)-->
				<control type="image">
					<left>715</left>
					<top>2</top>
					<width>267</width>
					<height>400</height>
					<aspectratio>keep</aspectratio>
					<texture colordiffuse="$INFO[Skin.String(color.500)]" background="true">$VAR[PosterThumb]</texture>
					<visible>String.Contains(ListItem.Icon,Default)</visible>
				</control>
				<!--thumb (no fallback)-->
				<control type="image">
					<left>715</left>
					<top>0</top>
					<width>269</width>
					<height>402</height>
					<aspectratio align="left" aligny="bottom">stretch</aspectratio>
					<texture background="true">$VAR[PosterThumb]</texture>
					<visible>!String.Contains(ListItem.Icon,Default)</visible>
				</control>
				<!--info strip background-->
				<control type="image">
					<left>0</left>
					<top>402</top>
					<width>984</width>
					<height>60</height>
					<texture background="true" colordiffuse="$INFO[Skin.String(color.500)]">backgrounds/white.png</texture>
				</control>
				<!--fanart shadow-->
				<control type="image">
					<left>0</left>
					<top>402</top>
					<width>984</width>
					<height>10</height>
					<texture>homeshadow.png</texture>
					<animation effect="fade" start="100" end="100" time="0" condition="true">Conditional</animation>
				</control>
				<!--secondary label-->
				<control type="label">
					<left>15</left>
					<top>402</top>
					<width>954</width>
					<height>55</height>
					<font>secondary.info.big</font>
					<textcolor>white</textcolor>
					<selectedcolor>white</selectedcolor>
					<align>left</align>
					<aligny>center</aligny>
					<label>$INFO[ListItem.Year]$INFO[ListItem.Duration, • ,]$INFO[ListItem.Genre, • ,]</label>
					<visible>!Container.Content(Seasons)</visible>
				</control>
				<!--plot (tv shows)-->
				<control type="textbox">
					<left>15</left>
					<top>472</top>
					<width>954</width>
					<height>203</height>
					<font>label</font>
					<align>left</align>
					<textcolor>$INFO[Skin.String(color.text)]</textcolor>
					<label>$INFO[ListItem.Plot]</label>
					<autoscroll time="3000" delay="10000" repeat="10000">Skin.HasSetting(AutoScroll)</autoscroll>
				</control>
				<!--info strip shadow-->
				<control type="image">
					<left>0</left>
					<top>462</top>
					<width>984</width>
					<height>10</height>
					<texture>homeshadow.png</texture>
					<animation effect="fade" start="100" end="100" time="0" condition="true">Conditional</animation>
				</control>
			</control>
			<!--seasons info-->
			<control type="group">
				<left>816</left>
				<centertop>50%</centertop>
				<height>700</height>
				<visible>Container.Content(Seasons)</visible>
				<!--background-->
				<control type="image">
					<left>-10</left>
					<top>-10</top>
					<width>1004</width>
					<height>710</height>
					<texture background="true" colordiffuse="$INFO[Skin.String(color.tertiary)]">backgrounds/media info 3 bg.png</texture>
				</control>
				<!--fanart (fallback)-->
				<control type="image">
					<left>2</left>
					<top>2</top>
					<width>711</width>
					<height>400</height>
					<aspectratio scalediffuse="false">scale</aspectratio>
					<texture colordiffuse="$INFO[Skin.String(color.500)]" background="true">$INFO[ListItem.Art(fanart)]</texture>
					<visible>String.IsEmpty(ListItem.Art(fanart))</visible>
				</control>
				<!--fanart (no fallback)-->
				<control type="image">
					<left>0</left>
					<top>0</top>
					<width>715</width>
					<height>402</height>
					<aspectratio scalediffuse="false">scale</aspectratio>
					<texture background="true">$INFO[ListItem.Art(fanart)]</texture>
				</control>
				<!--thumb (fallback)-->
				<control type="image">
					<left>715</left>
					<top>2</top>
					<width>267</width>
					<height>400</height>
					<aspectratio>keep</aspectratio>
					<texture colordiffuse="$INFO[Skin.String(color.500)]" background="true">$VAR[PosterThumb]</texture>
					<visible>String.Contains(ListItem.Icon,Default)</visible>
				</control>
				<!--thumb (no fallback)-->
				<control type="image">
					<left>715</left>
					<top>0</top>
					<width>269</width>
					<height>402</height>
					<aspectratio align="left" aligny="bottom">stretch</aspectratio>
					<texture background="true">$VAR[PosterThumb]</texture>
					<visible>!String.Contains(ListItem.Icon,Default)</visible>
				</control>
				<!--info strip background-->
				<control type="image">
					<left>0</left>
					<top>402</top>
					<width>984</width>
					<height>60</height>
					<texture background="true" colordiffuse="$INFO[Skin.String(color.500)]">backgrounds/white.png</texture>
				</control>
				<!--fanart shadow-->
				<control type="image">
					<left>0</left>
					<top>402</top>
					<width>984</width>
					<height>10</height>
					<texture>homeshadow.png</texture>
					<animation effect="fade" start="100" end="100" time="0" condition="true">Conditional</animation>
				</control>
				<!--secondary label-->
				<control type="label">
					<left>15</left>
					<top>402</top>
					<width>954</width>
					<height>55</height>
					<font>secondary.info.big</font>
					<textcolor>white</textcolor>
					<selectedcolor>white</selectedcolor>
					<align>left</align>
					<aligny>center</aligny>
					<label>$INFO[listitem.episode] $LOCALIZE[20360] ($INFO[ListItem.Property(UnWatchedEpisodes), , $LOCALIZE[16101]])</label>
					<visible>Container.Content(Seasons)</visible>
				</control>
				<!--plot (seasons)-->
				<control type="textbox">
					<left>15</left>
					<top>472</top>
					<width>954</width>
					<height>203</height>
					<font>label</font>
					<align>left</align>
					<textcolor>$INFO[Skin.String(color.text)]</textcolor>
					<label>$INFO[ListItem.Plot]</label>
					<autoscroll time="3000" delay="10000" repeat="10000">Skin.HasSetting(AutoScroll)</autoscroll>
				</control>
				<!--info strip shadow-->
				<control type="image">
					<left>0</left>
					<top>462</top>
					<width>984</width>
					<height>10</height>
					<texture>homeshadow.png</texture>
					<animation effect="fade" start="100" end="100" time="0" condition="true">Conditional</animation>
				</control>
			</control>
			<!--episodes info-->
			<control type="group">
				<left>816</left>
				<centertop>50%</centertop>
				<height>700</height>
				<visible>Container.Content(Episodes)</visible>
				<!--background-->
				<control type="image">
					<left>-10</left>
					<top>-10</top>
					<width>1004</width>
					<height>710</height>
					<texture background="true" colordiffuse="$INFO[Skin.String(color.tertiary)]">backgrounds/media info 3 bg.png</texture>
				</control>
				<!--thumb (fallback)-->
				<control type="image">
					<left>2</left>
					<top>2</top>
					<width>711</width>
					<height>400</height>
					<aspectratio scalediffuse="false">scale</aspectratio>
					<texture colordiffuse="$INFO[Skin.String(color.500)]" background="true">$INFO[ListItem.Icon]</texture>
					<visible>String.Contains(ListItem.Icon,default)</visible>
				</control>
				<!--thumb (no fallback)-->
				<control type="image">
					<left>0</left>
					<top>0</top>
					<width>715</width>
					<height>402</height>
					<aspectratio scalediffuse="false">scale</aspectratio>
					<texture background="true">$INFO[ListItem.Icon]</texture>
					<visible>!String.Contains(ListItem.Icon,default)</visible>
				</control>
				<!--poster (fallback)-->
				<control type="image">
					<left>715</left>
					<top>2</top>
					<width>267</width>
					<height>400</height>
					<aspectratio>keep</aspectratio>
					<texture colordiffuse="$INFO[Skin.String(color.500)]" background="true">DefaultFolder.png</texture>
					<visible>String.IsEmpty(ListItem.Art(tvshow.poster))</visible>
				</control>
				<!--poster-->
				<control type="image">
					<left>715</left>
					<top>0</top>
					<width>269</width>
					<height>402</height>
					<aspectratio align="left" aligny="bottom">stretch</aspectratio>
					<texture background="true">$INFO[ListItem.Art(tvshow.poster)]</texture>
					<visible>!String.IsEmpty(ListItem.Art(tvshow.poster))</visible>
				</control>
				<!--info strip background-->
				<control type="image">
					<left>0</left>
					<top>402</top>
					<width>984</width>
					<height>60</height>
					<texture background="true" colordiffuse="$INFO[Skin.String(color.500)]">backgrounds/white.png</texture>
				</control>
				<!--fanart shadow-->
				<control type="image">
					<left>0</left>
					<top>402</top>
					<width>984</width>
					<height>10</height>
					<texture>homeshadow.png</texture>
					<animation effect="fade" start="100" end="100" time="0" condition="true">Conditional</animation>
				</control>
				<!--secondary label-->
				<control type="label">
					<left>15</left>
					<top>402</top>
					<width>954</width>
					<height>55</height>
					<font>secondary.info.big</font>
					<textcolor>white</textcolor>
					<selectedcolor>white</selectedcolor>
					<align>left</align>
					<aligny>center</aligny>
					<label>$INFO[ListItem.Premiered]$INFO[ListItem.Duration, • ,]$INFO[ListItem.Genre, • ,]</label>
					<visible>!Container.Content(Seasons)</visible>
				</control>
				<!--plot (movies)-->
				<control type="textbox">
					<left>15</left>
					<top>465</top>
					<width>954</width>
					<height>168</height>
					<font>label</font>
					<align>left</align>
					<textcolor>$INFO[Skin.String(color.text)]</textcolor>
					<label>$INFO[ListItem.Plot]</label>
					<autoscroll time="3000" delay="10000" repeat="10000">Skin.HasSetting(AutoScroll)</autoscroll>
				</control>
				<!--info strip shadow-->
				<control type="image">
					<left>0</left>
					<top>462</top>
					<width>984</width>
					<height>10</height>
					<texture>homeshadow.png</texture>
					<animation effect="fade" start="100" end="100" time="0" condition="true">Conditional</animation>
				</control>
				<!--audio/video flags-->
				<control type="group">
					<left>10</left>
					<top>650</top>
					<include>media.flags.small</include>
					<animation effect="zoom" start="100" end="90" center="10,600" time="0" condition="true">Conditional</animation>
				</control>
			</control>
		</control>
	</include>
</includes>
