<?xml version="1.0" encoding="UTF-8"?>
    <addon id="YoanmRepo" name="Yoanm repository" version="1.2.3" provider-name="Yoanm">
        <requires>
            <import addon="xbmc.addon" version="12.0.0"/>
        </requires>
        <extension point="xbmc.addon.repository" name="Yoanm repository">
            <info compressed="false">https://raw.githubusercontent.com/yoanm/KodiRepository/master/_repo/addons.xml</info>
            <checksum>https://raw.githubusercontent.com/yoanm/KodiRepository/master/_repo/addons.xml.md5</checksum>
            <datadir zip="true">https://raw.githubusercontent.com/yoanm/KodiRepository/master/_repo/</datadir>
            <hashes>false</hashes>
        </extension>
        <extension point="xbmc.addon.metadata">
            <summary>Yoanm repository for Kodi</summary>
            <description>Yoanm repository for Kodi</description>
            <platform>all</platform>
    </extension>
</addon>
